﻿<?xml version="1.0" encoding="utf-8"?>
<badges>
  <row Id="1" UserId="4" Name="Autobiographer" Date="2011-10-11T19:25:17.440" />
  <row Id="2" UserId="9" Name="Autobiographer" Date="2011-10-11T19:30:17.433" />
  <row Id="3" UserId="10" Name="Autobiographer" Date="2011-10-11T19:30:17.433" />
  <row Id="4" UserId="16" Name="Autobiographer" Date="2011-10-11T19:30:17.433" />
  <row Id="5" UserId="18" Name="Autobiographer" Date="2011-10-11T19:35:17.363" />
  <row Id="6" UserId="20" Name="Autobiographer" Date="2011-10-11T19:45:17.377" />
  <row Id="7" UserId="2" Name="Autobiographer" Date="2011-10-11T20:20:31.937" />
  <row Id="8" UserId="44" Name="Autobiographer" Date="2011-10-11T20:40:32.060" />
  <row Id="9" UserId="63" Name="Autobiographer" Date="2011-10-11T21:00:41.280" />
  <row Id="10" UserId="6" Name="Autobiographer" Date="2011-10-11T21:15:41.350" />
  <row Id="11" UserId="8" Name="Student" Date="2011-10-11T22:05:55.043" />
  <row Id="12" UserId="20" Name="Supporter" Date="2011-10-11T22:05:55.073" />
  <row Id="13" UserId="16" Name="Teacher" Date="2011-10-11T22:05:55.150" />
  <row Id="14" UserId="20" Name="Editor" Date="2011-10-11T22:15:54.653" />
  <row Id="15" UserId="40" Name="Student" Date="2011-10-11T22:40:58.917" />
  <row Id="16" UserId="6" Name="Supporter" Date="2011-10-11T22:40:58.917" />
  <row Id="17" UserId="83" Name="Autobiographer" Date="2011-10-11T23:01:04.017" />
  <row Id="18" UserId="20" Name="Student" Date="2011-10-11T23:31:08.383" />
  <row Id="19" UserId="65" Name="Supporter" Date="2011-10-11T23:31:08.397" />
  <row Id="20" UserId="20" Name="Teacher" Date="2011-10-11T23:31:08.460" />
  <row Id="21" UserId="86" Name="Student" Date="2011-10-12T00:06:18.230" />
  <row Id="22" UserId="88" Name="Autobiographer" Date="2011-10-12T00:16:17.840" />
  <row Id="23" UserId="50" Name="Supporter" Date="2011-10-12T00:26:23.003" />
  <row Id="24" UserId="26" Name="Teacher" Date="2011-10-12T00:26:23.050" />
  <row Id="25" UserId="20" Name="Critic" Date="2011-10-12T00:31:22.730" />
  <row Id="26" UserId="9" Name="Supporter" Date="2011-10-12T00:31:23.090" />
  <row Id="27" UserId="89" Name="Autobiographer" Date="2011-10-12T00:51:28.453" />
  <row Id="28" UserId="44" Name="Student" Date="2011-10-12T01:46:36.133" />
  <row Id="29" UserId="91" Name="Supporter" Date="2011-10-12T01:46:36.150" />
  <row Id="30" UserId="65" Name="Teacher" Date="2011-10-12T02:01:41.887" />
  <row Id="31" UserId="33" Name="Organizer" Date="2011-10-12T02:11:42.117" />
  <row Id="32" UserId="19" Name="Supporter" Date="2011-10-12T02:36:50.953" />
  <row Id="33" UserId="1" Name="Autobiographer" Date="2011-10-12T03:47:01.837" />
  <row Id="34" UserId="68" Name="Critic" Date="2011-10-12T03:52:07.443" />
  <row Id="35" UserId="68" Name="Supporter" Date="2011-10-12T03:52:07.990" />
  <row Id="36" UserId="68" Name="Student" Date="2011-10-12T04:32:14.507" />
  <row Id="37" UserId="43" Name="Critic" Date="2011-10-12T04:52:19.873" />
  <row Id="38" UserId="43" Name="Supporter" Date="2011-10-12T04:57:20.350" />
  <row Id="39" UserId="20" Name="Citizen Patrol" Date="2011-10-12T05:27:30.113" />
  <row Id="40" UserId="10" Name="Student" Date="2011-10-12T06:32:42.843" />
  <row Id="41" UserId="18" Name="Supporter" Date="2011-10-12T06:32:42.877" />
  <row Id="42" UserId="104" Name="Autobiographer" Date="2011-10-12T07:22:55.760" />
  <row Id="44" UserId="104" Name="Supporter" Date="2011-10-12T10:08:31.963" />
  <row Id="45" UserId="40" Name="Supporter" Date="2011-10-12T12:38:32.510" />
  <row Id="46" UserId="48" Name="Autobiographer" Date="2011-10-12T12:48:32.150" />
  <row Id="47" UserId="86" Name="Editor" Date="2011-10-12T14:23:32.243" />
  <row Id="48" UserId="86" Name="Supporter" Date="2011-10-12T14:28:32.143" />
  <row Id="49" UserId="10" Name="Editor" Date="2011-10-12T14:33:32.073" />
  <row Id="50" UserId="93" Name="Supporter" Date="2011-10-12T14:58:32.220" />
  <row Id="51" UserId="55" Name="Autobiographer" Date="2011-10-12T15:23:32.023" />
  <row Id="52" UserId="104" Name="Teacher" Date="2011-10-12T15:28:32.483" />
  <row Id="53" UserId="48" Name="Student" Date="2011-10-12T15:43:32.410" />
  <row Id="54" UserId="55" Name="Supporter" Date="2011-10-12T15:43:32.427" />
  <row Id="55" UserId="82" Name="Teacher" Date="2011-10-12T15:43:32.473" />
  <row Id="56" UserId="89" Name="Supporter" Date="2011-10-12T19:33:31.927" />
  <row Id="57" UserId="10" Name="Scholar" Date="2011-10-12T20:13:31.990" />
  <row Id="58" UserId="114" Name="Supporter" Date="2011-10-12T20:18:32.393" />
  <row Id="59" UserId="8" Name="Supporter" Date="2011-10-12T20:33:32.520" />
  <row Id="60" UserId="61" Name="Autobiographer" Date="2011-10-12T20:43:32.137" />
  <row Id="61" UserId="114" Name="Teacher" Date="2011-10-12T20:58:32.643" />
  <row Id="62" UserId="104" Name="Critic" Date="2011-10-12T21:23:32.243" />
  <row Id="63" UserId="10" Name="Supporter" Date="2011-10-13T00:13:51.547" />
  <row Id="64" UserId="7" Name="Autobiographer" Date="2011-10-13T01:59:15.943" />
  <row Id="65" UserId="124" Name="Supporter" Date="2011-10-13T02:39:21.497" />
  <row Id="66" UserId="68" Name="Teacher" Date="2011-10-13T02:44:21.567" />
  <row Id="67" UserId="124" Name="Critic" Date="2011-10-13T02:59:26.580" />
  <row Id="68" UserId="100" Name="Autobiographer" Date="2011-10-13T06:16:16.053" />
  <row Id="69" UserId="100" Name="Supporter" Date="2011-10-13T06:16:16.973" />
  <row Id="70" UserId="95" Name="Supporter" Date="2011-10-13T06:36:16.847" />
  <row Id="71" UserId="93" Name="Teacher" Date="2011-10-13T06:56:25.380" />
  <row Id="72" UserId="95" Name="Student" Date="2011-10-13T07:01:25.810" />
  <row Id="73" UserId="128" Name="Autobiographer" Date="2011-10-13T13:02:34.130" />
  <row Id="74" UserId="48" Name="Teacher" Date="2011-10-13T15:33:07.940" />
  <row Id="75" UserId="6" Name="Teacher" Date="2011-10-13T18:49:02.177" />
  <row Id="76" UserId="124" Name="Analytical" Date="2011-10-13T19:54:19.930" />
  <row Id="77" UserId="95" Name="Editor" Date="2011-10-14T03:52:13.827" />
  <row Id="78" UserId="130" Name="Supporter" Date="2011-10-14T06:32:41.767" />
  <row Id="79" UserId="133" Name="Supporter" Date="2011-10-14T20:05:44.383" />
  <row Id="80" UserId="23" Name="Supporter" Date="2011-10-14T21:00:58.290" />
  <row Id="81" UserId="104" Name="Student" Date="2011-10-14T21:36:05.407" />
  <row Id="82" UserId="33" Name="Critic" Date="2011-10-15T01:21:05.163" />
  <row Id="83" UserId="33" Name="Supporter" Date="2011-10-15T01:21:05.710" />
  <row Id="84" UserId="64" Name="Autobiographer" Date="2011-10-15T11:21:06.117" />
  <row Id="85" UserId="64" Name="Supporter" Date="2011-10-15T11:31:07.910" />
  <row Id="86" UserId="104" Name="Scholar" Date="2011-10-15T13:41:10.833" />
  <row Id="87" UserId="27" Name="Supporter" Date="2011-10-15T15:16:28.603" />
  <row Id="88" UserId="48" Name="Supporter" Date="2011-10-15T18:02:30.930" />
  <row Id="89" UserId="149" Name="Critic" Date="2011-10-15T19:07:49.123" />
  <row Id="90" UserId="149" Name="Supporter" Date="2011-10-15T19:07:49.730" />
  <row Id="91" UserId="149" Name="Teacher" Date="2011-10-15T20:43:18.700" />
  <row Id="92" UserId="104" Name="Editor" Date="2011-10-16T14:08:26.430" />
  <row Id="93" UserId="103" Name="Autobiographer" Date="2011-10-16T20:25:10.213" />
  <row Id="94" UserId="103" Name="Supporter" Date="2011-10-16T20:25:10.960" />
  <row Id="95" UserId="44" Name="Scholar" Date="2011-10-16T22:30:45.673" />
  <row Id="96" UserId="95" Name="Teacher" Date="2011-10-16T23:05:55.040" />
  <row Id="97" UserId="104" Name="Nice Answer" Date="2011-10-17T01:06:33.707" />
  <row Id="98" UserId="26" Name="Supporter" Date="2011-10-17T02:06:55.583" />
  <row Id="99" UserId="133" Name="Student" Date="2011-10-17T15:25:45.943" />
  <row Id="100" UserId="133" Name="Editor" Date="2011-10-17T15:40:45.633" />
  <row Id="101" UserId="50" Name="Critic" Date="2011-10-17T18:01:22.533" />
  <row Id="102" UserId="40" Name="Teacher" Date="2011-10-17T18:36:29.093" />
  <row Id="103" UserId="40" Name="Editor" Date="2011-10-17T18:46:28.683" />
  <row Id="104" UserId="133" Name="Critic" Date="2011-10-17T21:01:31.423" />
  <row Id="105" UserId="114" Name="Editor" Date="2011-10-17T22:06:32.677" />
  <row Id="106" UserId="119" Name="Supporter" Date="2011-10-17T22:51:34.330" />
  <row Id="107" UserId="119" Name="Editor" Date="2011-10-17T23:01:33.823" />
  <row Id="108" UserId="104" Name="Commentator" Date="2011-10-17T23:06:33.690" />
  <row Id="109" UserId="119" Name="Teacher" Date="2011-10-17T23:56:35.930" />
  <row Id="110" UserId="40" Name="Critic" Date="2011-10-18T02:51:38.260" />
  <row Id="111" UserId="89" Name="Critic" Date="2011-10-18T14:32:32.510" />
  <row Id="112" UserId="89" Name="Teacher" Date="2011-10-18T14:37:32.953" />
  <row Id="113" UserId="89" Name="Organizer" Date="2011-10-18T15:42:46.737" />
  <row Id="114" UserId="89" Name="Editor" Date="2011-10-18T16:33:02.107" />
  <row Id="115" UserId="89" Name="Student" Date="2011-10-18T17:18:10.980" />
  <row Id="116" UserId="160" Name="Autobiographer" Date="2011-10-18T17:48:16.553" />
  <row Id="117" UserId="160" Name="Supporter" Date="2011-10-18T17:53:30.270" />
  <row Id="118" UserId="44" Name="Critic" Date="2011-10-18T21:04:28.057" />
  <row Id="119" UserId="20" Name="Commentator" Date="2011-10-19T00:25:28.963" />
  <row Id="120" UserId="44" Name="Supporter" Date="2011-10-19T07:52:02.760" />
  <row Id="121" UserId="10" Name="Critic" Date="2011-10-19T14:12:01.957" />
  <row Id="122" UserId="95" Name="Nice Question" Date="2011-10-19T14:12:02.097" />
  <row Id="123" UserId="72" Name="Supporter" Date="2011-10-19T15:37:03.733" />
  <row Id="124" UserId="16" Name="Supporter" Date="2011-10-19T20:27:04.897" />
  <row Id="125" UserId="82" Name="Supporter" Date="2011-10-21T09:33:03.123" />
  <row Id="126" UserId="157" Name="Teacher" Date="2011-10-21T15:34:19.093" />
  <row Id="127" UserId="61" Name="Supporter" Date="2011-10-21T15:44:25.000" />
  <row Id="128" UserId="61" Name="Critic" Date="2011-10-21T15:54:24.327" />
  <row Id="129" UserId="26" Name="Editor" Date="2011-10-21T17:49:58.987" />
  <row Id="130" UserId="50" Name="Teacher" Date="2011-10-22T23:14:20.150" />
  <row Id="131" UserId="149" Name="Editor" Date="2011-10-23T12:41:31.043" />
  <row Id="132" UserId="33" Name="Editor" Date="2011-10-24T19:03:11.537" />
  <row Id="133" UserId="19" Name="Organizer" Date="2011-10-24T19:03:11.663" />
  <row Id="134" UserId="157" Name="Supporter" Date="2011-10-24T19:03:11.770" />
  <row Id="135" UserId="190" Name="Analytical" Date="2011-10-26T00:22:09.450" />
  <row Id="136" UserId="103" Name="Student" Date="2011-10-26T02:57:51.117" />
  <row Id="137" UserId="26" Name="Commentator" Date="2011-10-26T03:17:56.723" />
  <row Id="138" UserId="195" Name="Autobiographer" Date="2011-10-26T03:27:56.623" />
  <row Id="139" UserId="104" Name="Organizer" Date="2011-10-26T09:24:14.307" />
  <row Id="140" UserId="103" Name="Scholar" Date="2011-10-26T19:05:36.487" />
  <row Id="141" UserId="222" Name="Supporter" Date="2011-10-30T03:43:08.397" />
  <row Id="142" UserId="190" Name="Supporter" Date="2011-11-01T13:55:09.407" />
  <row Id="143" UserId="21" Name="Supporter" Date="2011-11-02T04:05:33.750" />
  <row Id="144" UserId="239" Name="Student" Date="2011-11-02T14:36:51.483" />
  <row Id="145" UserId="21" Name="Student" Date="2011-11-02T14:46:51.533" />
  <row Id="146" UserId="125" Name="Supporter" Date="2011-11-02T15:01:58.707" />
  <row Id="147" UserId="133" Name="Teacher" Date="2011-11-02T20:02:59.137" />
  <row Id="148" UserId="248" Name="Autobiographer" Date="2011-11-02T20:22:59.983" />
  <row Id="149" UserId="248" Name="Supporter" Date="2011-11-02T20:23:00.140" />
  <row Id="150" UserId="48" Name="Commentator" Date="2011-11-02T21:08:08.617" />
  <row Id="151" UserId="249" Name="Supporter" Date="2011-11-03T00:13:36.437" />
  <row Id="152" UserId="26" Name="Student" Date="2011-11-03T03:38:38.467" />
  <row Id="153" UserId="21" Name="Scholar" Date="2011-11-03T04:23:39.887" />
  <row Id="154" UserId="185" Name="Autobiographer" Date="2011-11-03T10:48:39.810" />
  <row Id="155" UserId="26" Name="Scholar" Date="2011-11-03T16:03:40.823" />
  <row Id="156" UserId="184" Name="Autobiographer" Date="2011-11-03T23:45:29.787" />
  <row Id="157" UserId="26" Name="Critic" Date="2011-11-04T17:45:55.037" />
  <row Id="158" UserId="174" Name="Autobiographer" Date="2011-11-05T02:17:51.667" />
  <row Id="159" UserId="174" Name="Analytical" Date="2011-11-05T03:03:06.903" />
  <row Id="160" UserId="174" Name="Supporter" Date="2011-11-05T05:33:56.530" />
  <row Id="161" UserId="48" Name="Editor" Date="2011-11-05T15:52:32.093" />
  <row Id="162" UserId="346" Name="Autobiographer" Date="2011-11-06T21:26:49.953" />
  <row Id="164" UserId="81" Name="Supporter" Date="2011-11-10T10:34:57.777" />
  <row Id="165" UserId="354" Name="Supporter" Date="2011-11-10T12:24:58.403" />
  <row Id="166" UserId="367" Name="Supporter" Date="2011-11-10T18:00:03.910" />
  <row Id="167" UserId="104" Name="Enthusiast" Date="2011-11-10T18:30:03.387" />
  <row Id="170" UserId="149" Name="Commentator" Date="2011-11-14T02:07:35.380" />
  <row Id="174" UserId="44" Name="Editor" Date="2011-11-15T18:11:49.753" />
  <row Id="175" UserId="68" Name="Autobiographer" Date="2011-11-16T00:33:36.373" />
  <row Id="176" UserId="1" Name="Supporter" Date="2011-11-16T19:30:23.457" />
  <row Id="179" UserId="420" Name="Autobiographer" Date="2011-11-22T20:45:57.997" />
  <row Id="180" UserId="89" Name="Nice Question" Date="2011-11-25T06:51:43.367" />
  <row Id="181" UserId="130" Name="Teacher" Date="2011-11-25T12:03:00.613" />
  <row Id="182" UserId="19" Name="Student" Date="2011-11-28T16:26:59.660" />
  <row Id="183" UserId="240" Name="Autobiographer" Date="2011-11-29T19:34:39.247" />
  <row Id="185" UserId="247" Name="Autobiographer" Date="2011-11-30T14:14:16.857" />
  <row Id="186" UserId="397" Name="Supporter" Date="2011-12-01T20:33:27.193" />
  <row Id="187" UserId="195" Name="Enthusiast" Date="2011-12-02T01:24:47.103" />
  <row Id="188" UserId="456" Name="Autobiographer" Date="2011-12-05T14:35:30.423" />
  <row Id="189" UserId="397" Name="Teacher" Date="2011-12-06T13:13:30.567" />
  <row Id="190" UserId="466" Name="Supporter" Date="2011-12-06T22:06:11.240" />
  <row Id="191" UserId="425" Name="Autobiographer" Date="2011-12-07T06:03:30.160" />
  <row Id="192" UserId="475" Name="Autobiographer" Date="2011-12-15T13:25:43.437" />
  <row Id="193" UserId="30" Name="Supporter" Date="2011-12-19T06:33:31.987" />
  <row Id="194" UserId="351" Name="Autobiographer" Date="2011-12-19T17:47:13.097" />
  <row Id="195" UserId="351" Name="Student" Date="2011-12-19T17:47:13.503" />
  <row Id="196" UserId="351" Name="Supporter" Date="2011-12-19T17:47:13.520" />
  <row Id="197" UserId="351" Name="Teacher" Date="2011-12-19T17:47:13.550" />
  <row Id="198" UserId="117" Name="Autobiographer" Date="2011-12-19T18:52:30.247" />
  <row Id="199" UserId="117" Name="Student" Date="2011-12-19T18:52:30.760" />
  <row Id="200" UserId="117" Name="Supporter" Date="2011-12-19T18:52:30.793" />
  <row Id="201" UserId="117" Name="Teacher" Date="2011-12-19T18:52:30.857" />
  <row Id="202" UserId="506" Name="Supporter" Date="2011-12-22T21:23:26.713" />
  <row Id="203" UserId="47" Name="Supporter" Date="2012-01-18T12:50:07.770" />
  <row Id="204" UserId="264" Name="Autobiographer" Date="2012-01-22T09:11:46.923" />
  <row Id="205" UserId="617" Name="Autobiographer" Date="2012-01-23T23:38:18.973" />
  <row Id="206" UserId="264" Name="Teacher" Date="2012-01-25T15:34:33.280" />
  <row Id="207" UserId="632" Name="Autobiographer" Date="2012-01-29T00:21:13.567" />
  <row Id="208" UserId="264" Name="Revival" Date="2012-02-01T22:00:31.247" />
  <row Id="209" UserId="195" Name="Fanatic" Date="2012-02-10T03:04:05.760" />
  <row Id="210" UserId="691" Name="Supporter" Date="2012-02-14T23:29:57.193" />
  <row Id="211" UserId="115" Name="Supporter" Date="2012-02-16T14:56:54.307" />
  <row Id="212" UserId="691" Name="Student" Date="2012-02-16T15:27:10.913" />
  <row Id="213" UserId="644" Name="Supporter" Date="2012-02-16T19:53:22.797" />
  <row Id="215" UserId="721" Name="Autobiographer" Date="2012-02-23T21:24:02.860" />
  <row Id="216" UserId="734" Name="Autobiographer" Date="2012-02-28T21:10:13.157" />
  <row Id="217" UserId="736" Name="Autobiographer" Date="2012-02-28T21:45:18.590" />
  <row Id="218" UserId="734" Name="Supporter" Date="2012-02-28T21:45:18.823" />
  <row Id="219" UserId="736" Name="Supporter" Date="2012-02-28T21:45:18.823" />
  <row Id="220" UserId="734" Name="Citizen Patrol" Date="2012-02-28T21:55:18.610" />
  <row Id="221" UserId="737" Name="Autobiographer" Date="2012-02-28T22:30:31.640" />
  <row Id="222" UserId="617" Name="Organizer" Date="2012-02-29T03:57:06.337" />
  <row Id="223" UserId="734" Name="Student" Date="2012-02-29T03:57:06.383" />
  <row Id="224" UserId="735" Name="Supporter" Date="2012-02-29T12:24:09.620" />
  <row Id="225" UserId="738" Name="Analytical" Date="2012-02-29T13:09:24.587" />
  <row Id="226" UserId="738" Name="Autobiographer" Date="2012-02-29T13:09:24.617" />
  <row Id="227" UserId="740" Name="Supporter" Date="2012-02-29T17:16:17.307" />
  <row Id="228" UserId="595" Name="Autobiographer" Date="2012-03-02T02:32:00.763" />
  <row Id="229" UserId="753" Name="Autobiographer" Date="2012-03-05T21:08:06.743" />
  <row Id="230" UserId="253" Name="Autobiographer" Date="2012-03-11T07:45:26.827" />
  <row Id="231" UserId="253" Name="Supporter" Date="2012-03-11T07:45:27.230" />
  <row Id="232" UserId="192" Name="Autobiographer" Date="2012-03-15T01:01:06.413" />
  <row Id="233" UserId="407" Name="Student" Date="2012-03-16T07:18:17.847" />
  <row Id="234" UserId="104" Name="Tumbleweed" Date="2012-03-22T09:30:30.500" />
  <row Id="235" UserId="719" Name="Supporter" Date="2012-03-23T12:45:35.880" />
  <row Id="236" UserId="3" Name="Autobiographer" Date="2012-03-24T02:05:37.923" />
  <row Id="237" UserId="183" Name="Supporter" Date="2012-03-24T17:50:43.337" />
  <row Id="238" UserId="122" Name="Student" Date="2012-03-25T19:40:44.920" />
  <row Id="239" UserId="25" Name="Autobiographer" Date="2012-03-31T04:58:12.110" />
  <row Id="240" UserId="708" Name="Autobiographer" Date="2012-04-03T21:30:38.027" />
  <row Id="241" UserId="95" Name="Autobiographer" Date="2012-04-19T03:10:39.750" />
  <row Id="242" UserId="16" Name="Editor" Date="2012-04-25T16:54:01.053" />
  <row Id="243" UserId="16" Name="Student" Date="2012-04-25T18:14:01.593" />
  <row Id="244" UserId="214" Name="Supporter" Date="2012-04-26T00:24:01.647" />
  <row Id="245" UserId="860" Name="Student" Date="2012-04-26T06:24:07.003" />
  <row Id="246" UserId="888" Name="Supporter" Date="2012-04-26T07:14:06.487" />
  <row Id="247" UserId="669" Name="Supporter" Date="2012-04-26T07:39:06.580" />
  <row Id="248" UserId="133" Name="Commentator" Date="2012-04-26T12:44:07.070" />
  <row Id="249" UserId="919" Name="Editor" Date="2012-04-26T14:09:07.417" />
  <row Id="250" UserId="491" Name="Autobiographer" Date="2012-04-26T17:19:06.897" />
  <row Id="251" UserId="919" Name="Student" Date="2012-04-27T02:09:07.757" />
  <row Id="252" UserId="178" Name="Teacher" Date="2012-04-27T19:34:09.443" />
  <row Id="253" UserId="669" Name="Editor" Date="2012-04-27T23:49:08.967" />
  <row Id="254" UserId="844" Name="Supporter" Date="2012-04-28T01:54:10.183" />
  <row Id="255" UserId="922" Name="Supporter" Date="2012-04-28T18:24:09.500" />
  <row Id="256" UserId="919" Name="Supporter" Date="2012-04-29T11:44:56.283" />
  <row Id="257" UserId="892" Name="Supporter" Date="2012-04-30T06:05:26.513" />
  <row Id="258" UserId="77" Name="Supporter" Date="2012-04-30T10:25:26.770" />
  <row Id="259" UserId="214" Name="Teacher" Date="2012-05-01T06:55:58.130" />
  <row Id="260" UserId="869" Name="Autobiographer" Date="2012-05-01T23:51:19.083" />
  <row Id="261" UserId="219" Name="Supporter" Date="2012-05-02T10:31:20.540" />
  <row Id="262" UserId="669" Name="Teacher" Date="2012-05-02T10:31:20.587" />
  <row Id="263" UserId="603" Name="Autobiographer" Date="2012-05-02T16:31:20.563" />
  <row Id="264" UserId="114" Name="Critic" Date="2012-05-02T22:26:21.133" />
  <row Id="265" UserId="77" Name="Teacher" Date="2012-05-02T22:31:22.000" />
  <row Id="266" UserId="844" Name="Teacher" Date="2012-05-02T22:31:22.000" />
  <row Id="267" UserId="932" Name="Student" Date="2012-05-03T00:01:22.043" />
  <row Id="268" UserId="735" Name="Autobiographer" Date="2012-05-03T09:17:42.867" />
  <row Id="269" UserId="934" Name="Citizen Patrol" Date="2012-05-03T11:37:42.863" />
  <row Id="270" UserId="752" Name="Autobiographer" Date="2012-05-03T14:12:42.890" />
</badges>