﻿<?xml version="1.0" encoding="utf-8"?>
<comments>
  <row Id="1" PostId="3" Text="Some examples: Someone asks for some data, or poses a quantitative problem, that can only truly be answered with tables of numbers. It would be nice to able to embed within questions and answers a small box, the width of the answer space but with its own scroll bars, to make the data feel part of the page. There could be an export to excel button for people to do further work with the data. I imagine this would play havoc with the SE systems for dealing with predominantly text based answers, but for this site, on Economics, I feel it could be important." CreationDate="2011-10-11T21:34:09.230" UserId="44" />
  <row Id="2" PostId="4" Score="1" Text="Migration paths are only enabled for fully graduated sites.  In extreme cases the moderators can migrate a question and users can flag them so mods see it.  But keep in mind that a migration path is a ways off." CreationDate="2011-10-11T22:38:12.230" UserId="6" />
  <row Id="3" PostId="4" Score="2" Text="Wasn't talking about a full-blown migration path, I was talking about guidelines for moderator-based migration which it's my understanding can happen the moment Economics hits public beta. A lot of things are a ways off, but I already know that we'll be sending quite a few back and forth and I just wanted to establish guidelines beforehand :)" CreationDate="2011-10-11T22:50:46.583" UserId="8" />
  <row Id="4" PostId="10" Score="3" Text="Joel specifically referred to the _private beta_.  Basic questions are usually tolerated more once the site is established." CreationDate="2011-10-12T00:26:53.393" UserId="9" />
  <row Id="5" PostId="11" Score="2" Text="I teach economics at a university (and FWIW have earned a Ph.D. in the subject).  As I read the question, it was asking about how a firm might influence the demand curve.  This is beyond ECON 101 and gets into some interesting issues.  I could, for example, re-pose the exact question in a fancy way (and answer it in similar fashion).  I wonder if wording the question (&amp; answers) in a more **inaccessible** way would render it acceptable, or convince others that it is sufficiently complicated?  From what I've seen today, this was (IMHO) one of the more interesting and less obvious ones." CreationDate="2011-10-12T01:32:38.840" UserId="26" />
  <row Id="7" PostId="7" Text="Makes sense.  And it may be useful to let a borderline question sit and see what kind of answers it gets before making a judgment." CreationDate="2011-10-12T02:01:16.323" UserId="20" />
  <row Id="8" PostId="4" Text="Migration to beta sites is normally discouraged, but either way I think these guidelines are useful for scope." CreationDate="2011-10-12T02:04:11.827" UserId="20" />
  <row Id="9" PostId="3" Score="2" Text="Hm, did you see stats.SE? Posting tables as a code (i.e. indented) works just fine. Also you can output the data using `dput` in R if you really need it for further analysis. And from R you can output it in Excel, if you really, really want to. In the worst possible scenario you can put the link to the data in question." CreationDate="2011-10-12T03:06:01.350" UserId="95" />
  <row Id="10" PostId="11" Text="Since you mentioned my &quot;model breaking down&quot; question -- it *wasn't* mentioned in my E201 / Econ 101 course, and in fact was the largest part of my field of study!" CreationDate="2011-10-12T03:48:16.283" UserId="1" />
  <row Id="11" PostId="8" Score="1" Text="About your last question, I agree, that really is the borderline of economics and psychology. However, check out papers by the Cornell economist Kaushik Basu on this subject. Decision theoretic explanation of the phenomenon." CreationDate="2011-10-12T03:51:40.493" UserId="68" />
  <row Id="12" PostId="11" Score="1" Text="@AarthiDevanathan That's exactly the problem with one person applying their experience to determine the whole site :P" CreationDate="2011-10-12T05:26:35.180" UserId="20" />
  <row Id="13" PostId="12" Text="It's really not personal.  I don't make the rules, and you and others can vote to re-open your question if you feel strongly about it.  It's not the end of the world." CreationDate="2011-10-12T05:28:26.893" UserId="20" />
  <row Id="14" PostId="15" Score="1" Text="&quot;Don't often occur?&quot; When was the last time you read Krugman's column in the NY Times? He regularly disses people he disagrees with, using words like &quot;stupid&quot; and clueless&quot;. http://krugman.blogs.nytimes.com/2011/10/10/if-banks-are-outlawed-only-outlaws-will-have-banks/ http://krugman.blogs.nytimes.com/2011/10/11/stocks-flows-and-fuzzy-math/ http://krugman.blogs.nytimes.com/2011/10/07/way-off-base-2/" CreationDate="2011-10-12T05:43:03.723" UserId="10" />
  <row Id="15" PostId="15" Text="great reply, Jason. I think that if a question is designed to elicit a political response, it should be removed. Otherwise, it should stay and responders should take care to make statements backed by well-known models." CreationDate="2011-10-12T05:43:58.403" UserId="68" />
  <row Id="16" PostId="15" Score="5" Text="@mehaase Krugman the columnist has nothing to do with Krugman the economist. If Krugman wrote a paper in the same vein as he writes NYT articles, he would get skinned. Well, now that he's a Nobel laureate he won't, but you know what I mean." CreationDate="2011-10-12T05:45:18.790" UserId="68" />
  <row Id="17" PostId="12" Score="1" Text="I'm sorry if it seemed I'm taking it personally. I hope you see though that my question was about economics and had nothing to do with psychology whatsoever." CreationDate="2011-10-12T05:53:51.490" UserId="68" />
  <row Id="18" PostId="15" Score="1" Text="@mehaase user68 is right--Krugman's column is a forum for his personal opinion, economics.SE isn't.  We disagree often, but we **understand** why the other person came to his conclusions.  Disagreements usually relate to whether/when assumptions are reasonable--hardly the stuff of drama.  The environment in which you practice economics must be quite different from mine." CreationDate="2011-10-12T06:13:44.603" UserId="26" />
  <row Id="19" PostId="13" Text="I agree with the OP. Even when attending real-life seminars I get sometimes a feeling &quot;Gee, people are actually studying this?..&quot;. Economics is a very broad domain. It could make things harder choosing what is off-topic but the method suggested by the OP is a quick and efficient one." CreationDate="2011-10-12T08:05:54.447" />
  <row Id="20" PostId="11" Score="1" Text="I don't think we can say your professor's a slouch if he manages to have his own Wikipedia article." CreationDate="2011-10-12T12:18:31.930" UserId="19" />
  <row Id="21" PostId="20" Score="3" Text="Economics can answer normative questions, but the norms are usually specified.  So, given a certain goal (say, &quot;reduce smoking&quot;), economics usually has something to say about how to go about it.  But, the idea that one should reduce smoking is the stuff of policy, not economics.  Hence, answers are normative or positive, but most questions would not be." CreationDate="2011-10-12T13:12:15.213" UserId="26" />
  <row Id="22" PostId="15" Text="@JasonB, I guess I understand what you're saying, and that is, &quot;academics don't get into petty arguments in the classroom -- but they might at a party&quot;. But this site is going to get lots of questions from people who are not research economists… it will get a lot of questions redirected from the Personal Finance SE, for example, where people are asking questions about current events and things they heard somebody say on NPR or the O'Reilly Factor. Are we going to close questions just because the asker is not phrasing it in a way that research economists can answer cleanly?" CreationDate="2011-10-12T13:58:28.887" UserId="10" />
  <row Id="23" PostId="17" Score="1" Text="I like your answer, but I think it's also an indicator of how easy it is to slip into bias by accident. E.g. I think the term &quot;goldbug&quot; is a pejorative (so does Wikipedia) and shouldn't be used in an academic discussion. I saw a question on money velocity equation yesterday that defined the equation and then drew conclusions from it, failing to observe that V is not constant. I think it would be a failing of the site to vote up an answer on a canonical money supply question that fails to even consider the rate of change of V." CreationDate="2011-10-12T14:01:01.817" UserId="10" />
  <row Id="24" PostId="20" Score="1" Text="@JasonB, don't you mean the other way around? We can tolerate normative questions, but not normative answers? &quot;How does a junk food tax work?&quot; is not normative, but &quot;Is a junk food tax a good idea?&quot; is normative. Either question is fine, as long as the answers are not normative, e.g. &quot;Any tax will be split by the producer and the consumer…blah blah blah&quot;." CreationDate="2011-10-12T14:04:50.127" UserId="10" />
  <row Id="25" PostId="20" Score="3" Text="@mehaase Yes, too bad comments can't be edited.  An answer to the second question need only start with &quot;assuming the policy goal is to reduce consumption of saturated fats...&quot; without closing the question.  Like it or not, economists are asked such questions all the time, and discipline is required in the answer.  But, the SE culture seems to place the burden on questions (questions are closed, not answers), so it will be interesting to see how this site sorts itself out (I have some doubts that it can be done)." CreationDate="2011-10-12T14:20:20.490" UserId="26" />
  <row Id="26" PostId="15" Score="3" Text="@mehaase The site was originally aimed at experts and professionals, but it looks like most of the concerns surround questions from the laity.   I think the site will fail or succeed on how these non-professional questions are handled, if at all (along whether or not the question of the bounds of economics can be sorted--a tall order)." CreationDate="2011-10-12T14:26:02.340" UserId="26" />
  <row Id="27" PostId="9" Score="2" Text="With all due respect Joel, what exactly is your econ background? If a student took 223 and learned about hashing, does that make hashing a trivial subject? Clearly not. Even if the concept is straight forward, two CS people could easily discuss the merits of different schemes (chaining, open addressing, etc), good hash functions, when not to hash, etc. Similarly, although econ 115 will cover supply and demand, that doesn't make it a trivial issue. There's a lot of complexity in deriving demand curves and understanding nuances, and no intro course can cover that." CreationDate="2011-10-12T15:32:36.733" UserId="55" />
  <row Id="28" PostId="23" Score="2" Text="I think, looking at the FAQ, that at this point in the beta, a question that is too basic is classed as &quot;off-topic&quot;. At this point in the beta, for a question to be on-topic, it has to be beyond economics 101 - http://meta.economics.stackexchange.com/questions/9/remember-exemplary-questions" CreationDate="2011-10-12T16:49:00.793" UserId="104" />
  <row Id="29" PostId="23" Text="@EnergyNumbers Ah, I forgot that basic = offtopic. Possibly because the *topic* of this question was just fine, it was the question itself that was basic." CreationDate="2011-10-12T17:21:02.687" UserId="20" />
  <row Id="30" PostId="9" Score="3" Text="none! that's why I'm not participating in the site! (Other that to close things that would have been questions on the final in the Econ 101 class I took)" CreationDate="2011-10-12T17:31:40.363" UserId="86" />
  <row Id="31" PostId="19" Score="1" Text="&quot;If people are misunderstanding your question, the problem lies in your question. You can't fix the people, so fix your question.&quot;" CreationDate="2011-10-12T19:24:57.663" UserId="93" />
  <row Id="32" PostId="25" Score="2" Text="Agreed. Determining whether Bitcoin or Economics is the subject of the question should be the basis. Unfortunately that's not always trivially done." CreationDate="2011-10-12T20:28:36.347" UserId="8" />
  <row Id="33" PostId="26" Score="2" Text="There are several other sites with similar policies.  CS Theory, Philosophy, etc." CreationDate="2011-10-12T21:00:13.030" UserId="20" />
  <row Id="34" PostId="26" Score="2" Text="Although I'm not saying it should apply here, both Theoretical Computer Science and Theoretical Physics contain the notion of questions that are &quot;too basic.&quot;  Also certain questions may be appropriate for the site but nevertheless be too basic for a private beta." CreationDate="2011-10-12T21:00:23.157" UserId="40" />
  <row Id="35" PostId="28" Score="3" Text="Ah, so it's not so much that we don't want lower-level questions at all, we just don't want them during private beta?" CreationDate="2011-10-12T21:43:05.817" UserId="8" />
  <row Id="36" PostId="19" Text="About your last point: fair enough, point taken. Apologies to everyone for being a douche!" CreationDate="2011-10-12T21:56:32.417" UserId="68" />
  <row Id="37" PostId="19" Text="As for the rest, most questions in economics also have a behavioural answer, a psychology based answer, etc. If I was to find papers which answered those questions I wouldn't ask the question. Much better that responders think twice before concluding that the only answers lie outside the domain of economics. For example, in that particular question, I do reference &quot;papers in voting theory&quot;. If one doesn't realize that such papers are actually econ papers, it'd be better to refrain from commenting." CreationDate="2011-10-12T22:00:57.213" UserId="68" />
  <row Id="38" PostId="30" Text="The only question I can come up with NOT in categories 1-4 is to clarify or explain a concept that is not explained clearly in it's original presentation. (E.g. a paper that uses an uncommon term but doesn't define it.)" CreationDate="2011-10-13T00:12:08.250" UserId="10" />
  <row Id="39" PostId="28" Score="2" Text="I've extended my answer to Joel's question to address this.  Basically, I don't believe for a second that experts will be any more OK with a beginner question posted a day after private beta ends rather than a day before.  If the site really is for experts, it needs to cater to them consistently.  This mixed message nonsense makes the site unusable for anyone." CreationDate="2011-10-13T00:16:05.910" UserId="20" />
  <row Id="40" PostId="26" Score="2" Text="Not just collegiate questions, but also questions that may arise from watching mainstream coverage of economics. (That was my original interest in this site, a place for intelligent discussion about macroeconomics for people who can't make sense of what they see on the news.)" CreationDate="2011-10-13T00:16:55.990" UserId="10" />
  <row Id="41" PostId="24" Score="1" Text="I like it although it may work better as a strapline?  My understanding is that a pitch is a bit deeper and needs to address a common problem, potentially steering things too.  In the initial stages we're going to attract academic economists and gold-bugs.  Too much of that and it becomes over-intellectual and tremendously bogged down.  How do we attract the layman who has an interest but not necessarily the intellectual background (or confidence) to enter such an environment?" CreationDate="2011-10-13T05:30:00.673" UserId="48" />
  <row Id="42" PostId="30" Score="3" Text="Re (3) - Aren't questions you'd ask a colleague / fellow economist EXACTLY the sort of questions we do want here? And re (2) original research isn't necessarily bad - if the answer is just a new synthesis of existing work" CreationDate="2011-10-13T06:53:59.987" UserId="104" />
  <row Id="43" PostId="31" Score="2" Text="Great suggestion! I think this would be especially helpful in facilitating higher-level research questions on this site. Does anyone know how this can be turned on?" CreationDate="2011-10-13T09:22:06.117" UserId="124" />
  <row Id="45" PostId="30" Score="1" Text="@EnergyNumbers: I agree with EnergyNumbers: questions which you would want to ask a fellow economist are exactly the kind of question you'd want to ask here." CreationDate="2011-10-13T15:35:33.377" UserId="93" />
  <row Id="47" PostId="33" Score="1" Text="Can you please elaborate on what you mean by &quot;heavy dependency&quot;? I think this would be a great way to encourage the types of research questions we would like to see in SE. Economic theory becomes extremely mathematical at higher levels, so it would be essential to have this tool available. In my opinion, not having this tool would hinder the growth of the community. Could you describe the disadvantages of this dependency so that we users are more informed? Then perhaps we can have a more meaningful discussion of whether it is a good idea, and maybe even have a vote or something?" CreationDate="2011-10-13T19:44:39.480" UserId="124" />
  <row Id="48" PostId="33" Score="2" Text="It means that for every single page, whether there are formulas on the page or not, the MathJax files would need to be downloaded if the user didn't have them cached.  The MathJax files are pretty large relatively." CreationDate="2011-10-13T19:49:32.327" UserId="6" />
  <row Id="49" PostId="33" Score="3" Text="I would agree with Ryan that absence of LaTeX might hinder the growth of community. I for one could not recommend this site for any of my econometrician colleagues. This is of course not a big deal, but somehow I feel that if LaTeX is not available then there will be no mathematical content in this site, which would be a pity. But that is my personal opinion." CreationDate="2011-10-14T03:40:41.990" UserId="95" />
  <row Id="50" PostId="32" Score="1" Text="Hm if layman gives valuable insight, why it should be discarded?" CreationDate="2011-10-14T03:51:02.030" UserId="95" />
  <row Id="51" PostId="11" Score="1" Text="A good point about the existence of the Research Economics proposal potentially causing confusion (or even &quot;cannibalization&quot; of M.S. or Ph.D. level economists, to over-dramatize a bit, away from the Economics site), note this recently updated, quite  active Area 51 discussion re viability of the Research Economics proposal  http://discuss.area51.stackexchange.com/questions/2024/merge-economics-and-research-economics" CreationDate="2011-10-14T07:43:12.060" UserId="130" />
  <row Id="52" PostId="35" Score="1" Text="Succintly put. I've just gone through and torched the lot" CreationDate="2011-10-15T13:38:35.737" UserId="104" />
  <row Id="53" PostId="36" Text="I like it ... :)" CreationDate="2011-10-15T17:58:14.473" UserId="48" />
  <row Id="55" PostId="34" Text="I would like to also see tags indicate that a question is a graduate-level or above kind of question. There were a bunch of us who had a pre-beta stackexchange site for &quot;Research Economics&quot; and I think there's a fear among us that this site will get flooded with basic questions that stray too far from economics (ie., &quot;Will interest rates rise or fall in 2012?&quot;)" CreationDate="2011-10-15T19:09:35.397" UserId="149" />
  <row Id="56" PostId="34" Text="@dchandler - for now, in the private beta, all questions are supposed to be of a decent calibre: if you do see any questions that are the sort of thing an 18-year old might ask, close them as off-topic: http://meta.economics.stackexchange.com/questions/9/remember-exemplary-questions" CreationDate="2011-10-15T19:38:38.760" UserId="104" />
  <row Id="57" PostId="34" Text="@dchandler, tag for graduate level will not work. Stats.SE and math.SE do not have these tags, though they have every reason for that. Homework tag on the other hand would work perfectly, since usually elementary questions are homework questions. The question &quot;will interest rates rise or fall in 2012?&quot; on the other hand is far from basic. As far as I know, nobody can answer it accurately." CreationDate="2011-10-16T11:04:36.783" UserId="95" />
  <row Id="58" PostId="34" Text="@EnergyNumbers and mpiktas: Yea, I think you guys are right. I'm sort of new to this. Hopefully the average content will be high enough that it doesn't matter. I like the idea of a homework tag or something that I could add to an ignore list (not to say I wouldn't answer good homework questions!)" CreationDate="2011-10-16T14:43:04.407" UserId="149" />
  <row Id="59" PostId="41" Text="i agree with you. Stats questions which do not involve mathematical results explicitly (limit theorems, specific efficiency results) should be in the econ forum. It is impossible for a statistician to tell you which method to use without knowing the specific context. Plus, statisticians would not know what the usual practice in economics is regarding the question." CreationDate="2011-10-16T16:49:28.110" UserId="68" />
  <row Id="60" PostId="40" Score="1" Text="I think I'm the &quot;guilty&quot; party on adding those questions. One bit of 2-cents I'd like to add is that the way econometricians or applied, empirical economists use statistics is *vastly* different than statisticians. One of my good friends is a Ph.D. student in statistics and he laughs at many of the procedures we economists employ. For example, economists never spend much time understanding when standard assumptions on the error term are violated. Economists have tended to sweep this under the rug (for better or worse) ever since Huber-White standard errors." CreationDate="2011-10-16T23:06:19.723" UserId="149" />
  <row Id="61" PostId="32" Text="Exactly, but they may not use the &quot;appropriate&quot; academic jargon (a good thing, IMO) - we need an appropriate response to the experts who go, &quot;Oh, but why didn't you just say 'comparative advantage' and have done?&quot;" CreationDate="2011-10-17T12:03:09.933" UserId="48" />
  <row Id="62" PostId="38" Text="Which are usually 'normative' questions and we should potentially have a good definition which allows us to close any questions entering that space..." CreationDate="2011-10-17T12:04:07.480" UserId="48" />
  <row Id="63" PostId="32" Text="We should put this in FAQ and then send people there. A good rule would be to give at least wikipedia definitions when using some specific terminology." CreationDate="2011-10-17T12:43:13.923" UserId="95" />
  <row Id="64" PostId="40" Score="1" Text="Recent Nobel prize winner Ch. Sims has [some strong words](http://sims.princeton.edu/yftp/EmetSoc607/AppliedBayes.pdf) for this kind of behaviour." CreationDate="2011-10-17T12:54:42.600" UserId="95" />
  <row Id="65" PostId="40" Text="@mpiktas - nice. Love the single-sentence conclusion: &quot;Lose your inhibitions: Put probabilities on parameters without embarrassment.&quot;" CreationDate="2011-10-17T13:46:24.033" UserId="104" />
  <row Id="66" PostId="44" Score="1" Text="+1 Thanks for bringing this to meta (and for your clarity) so that we can, hopefully, get it sorted for future reference." CreationDate="2011-10-17T15:30:25.223" UserId="26" />
  <row Id="67" PostId="45" Text="I would say that if the rules change that my post also would need to either be removed or be referenced(or grandfathered).   I am also not calling for proof just a reference to what you are referring to. If you want a Graduate level research site then you should have graduate level requirements.  Would a professor really let you get away with referring Gini coefficient statistics without citing your reference in a paper? (I would prefer a more relaxed site but the site has been deemed graduate level + and this will help to achieve that)" CreationDate="2011-10-17T15:30:25.280" UserId="133" />
  <row Id="68" PostId="46" Text="Good point.  Can you clarify what is meant by &quot;all answers should be able to be referenced&quot;?  To me, that implies that answers should be precisely worded so that they are falsifiable, but not necessarily that a citation is required.  Am I reading that correctly?  I think the requirement of falsifiability (e.g. precise wording) would address many of @chad's concerns." CreationDate="2011-10-17T15:32:37.827" UserId="26" />
  <row Id="69" PostId="46" Text="It is a public site I Agree and it is a good thing.  By that ambiguity I simply meant that valid answers should be able to be referenced.  As such a reference requirement is not really all that encumbering.  And the requirement sets a specific criteria that can be evaluated objectively for the acceptance of both question and answers." CreationDate="2011-10-17T15:37:25.140" UserId="133" />
  <row Id="70" PostId="46" Text="@JasonB I updated the original post - I simply meant that any question or answer of value should be able to be referenced thus the requirement is not unreasonable." CreationDate="2011-10-17T15:41:49.780" UserId="133" />
  <row Id="71" PostId="45" Score="1" Text="@Chad, I think we are much on the same page.  I strongly agree that questions should be worded precisely, and a big role of the community will probably be to help edit questions to make them more precise.  As for student papers, it is sometimes subtle.  On an exam or quiz, I certainly accept well-known trends/facts without citation.  On a class paper I often do not (except in obvious cases, and what is 'obvious' is a bit subjective).  I've put out un-cited facts in journal articles BTW (and even have had citations removed by editors because I was citing &quot;simple facts&quot;)." CreationDate="2011-10-17T15:42:52.210" UserId="26" />
  <row Id="72" PostId="41" Text="The migration option is there for mods, it's just discouraged to migrate **to** beta sites except in exceptional circumstances.  Migrating from us to Stats is OK, though the mods-to-be would do well to check with the mods of the other site first unless they have a really good handle on the scope of the other site." CreationDate="2011-10-17T16:55:21.823" UserId="20" />
  <row Id="73" PostId="46" Score="2" Text="You can always find an hack to reference for any argument you want to have. Let them just ask." CreationDate="2011-10-17T18:04:25.430" UserId="50" />
  <row Id="74" PostId="48" Text="I never said references were easy to find.  And that is kind of the point.  To enforce some effort go into not just Answering but asking as well.  It gives an objective standard to which all questions and answers can be expected to attain.  It will help to achieve High quality questions and answers to a site for Graduate + level economists." CreationDate="2011-10-17T18:35:17.160" UserId="133" />
  <row Id="75" PostId="49" Text="Five days in, it's a bit early to know what questions are going to be asked frequently." CreationDate="2011-10-17T18:38:09.053" UserId="104" />
  <row Id="76" PostId="44" Text="I would also like to point out one other thing.  If we impose the requirement now and it proves to be too burdensome then it can always be relaxed or even removed.  It will be much harder to impose more stringent standards when there those who have been around and refuse to change.  \n&#xA;I personally am all for the every man's economist site.  But unless that is the site you want to end up with an objective standard needs to be implemented." CreationDate="2011-10-17T18:41:14.310" UserId="133" />
  <row Id="77" PostId="48" Score="1" Text="More likely it'll achieve an empty website. There is nothing wrong with the way the inequality question was asked. You think there is no such thing? Answer and provide all the references you want." CreationDate="2011-10-17T18:42:14.247" UserId="50" />
  <row Id="78" PostId="49" Score="1" Text="@EnergyNumbers That's not what is meant by the FAQ.  The FAQ is not a section to list questions that are asked frequently *on* the site (if it were then I would agree with your point).  The FAQ is for frequently asked questions *about* the site.  In particular, it should contain specific information about what types of questions are welcome, as well as perhaps what types of questions are not welcome." CreationDate="2011-10-17T18:42:21.047" UserId="40" />
  <row Id="79" PostId="49" Text="I understand. And, ISTM that it's too early to tell what questions are asked frequently about the site. Other than those quesitons that are common to all Stacks. I don't think we've had a single duplicated question on meta yet - so no question is frequently asked. Similarly, looking at the other meta questions, for most tags, it's too early to tell. For page design, it's too early to tell. For deciding who the moderators are, it's too early to tell. We do have an open question on elevator pitch, and I think now is a good time to tackle that one." CreationDate="2011-10-17T18:47:32.173" UserId="104" />
  <row Id="80" PostId="49" Text="I think, as we close / re-open / delete questions on the main site, we'll get closer to being able to say what questions are and aren't welcome on the main site. Though maybe we're starting to see some clues now, re fiat currency and goldbugginess" CreationDate="2011-10-17T18:48:52.280" UserId="104" />
  <row Id="81" PostId="50" Score="1" Text="+1. Nice start!" CreationDate="2011-10-17T21:52:36.633" UserId="50" />
  <row Id="82" PostId="53" Text="yes, please do answer your own question. Ooh, by the way, please could you update the title of that question too, so that it is a meaningful question? Would prefixing it with &quot;What would be a better ...&quot; capture the gist of the question?" CreationDate="2011-10-17T23:06:25.267" UserId="104" />
  <row Id="83" PostId="53" Text="I think questions &gt; graduate level are acceptable here, btw" CreationDate="2011-10-17T23:07:32.423" UserId="104" />
  <row Id="84" PostId="53" Text="Haha, true -- hmmm how do I type the symbol for infinity in the comment? Does \infty work?&#xA;&#xA;Ok, I'll go update the Q and the title..very soon. Already spent too much time tonight on here :) Thanks!" CreationDate="2011-10-17T23:11:55.537" UserId="119" />
  <row Id="85" PostId="52" Text="It seems to me that if unorthodox views are sound then they should be welcome, and if they are not sound then it would be beneficial for the experts here to refute them.  So in either case it seems there is value in unorthodox views." CreationDate="2011-10-18T02:51:00.740" UserId="40" />
  <row Id="88" PostId="54" Text="I am not questioning is the topic ok.  The question as asked needs to be refined sourced and limited to a specific topic that would not fill 6 volumes in order to answer well." CreationDate="2011-10-18T12:59:21.827" UserId="133" />
  <row Id="89" PostId="53" Text="The original question made a claim of increasing income disparity and wanted to know if anyone had written about potential solutions.  I was asking for clarity on the question because it was far to broad and made a claim of statistical veracity.  All i was asking for was some statistics (like the ones provided by another poster) to be included in the question so that there was something directly to address.  The reworded question is much more on topic.  Check the revision history to see the original question and I think you will understand." CreationDate="2011-10-18T13:13:27.087" UserId="133" />
  <row Id="90" PostId="46" Text="I agree that we should not be a site *exclusively* &quot;for professionals&quot;... but we definitely want to make sure professionals stay. On the original stackoverflow, newbie programmers can ask questions and derive value from the site. But their doing so doesn't reduce value for the so-called professionals. Similarly, some standards should be kept high. I disagree that exact references should be required. After all, explanations of code aren't always fully written solutions and merely pointers. The pointers of course should be in the direction of substantive sources." CreationDate="2011-10-18T14:20:27.687" UserId="149" />
  <row Id="91" PostId="47" Text="I'd definitely like to see LaTeX, I wrote a fuller answer below... but I genuinely feel that to get the super-users, they will want to know that LaTeX can be used. After all, mathematics is the language of a lot of economics. Would you ever open a math or statistics site without LaTeX? Likewise, you shouldn't open an econ site without it." CreationDate="2011-10-18T14:26:17.663" UserId="149" />
  <row Id="94" PostId="49" Score="1" Text="@EnergyNumbers The format of the FAQ is already set. People *will* ask what types of questions they can post, and they *will* post off-topic questions.  The FAQ can evolve, but right now it should contain what we've already decided about on- and off-topic.  If we really have nothing to put there then no, we aren't ready to go public." CreationDate="2011-10-18T15:19:08.253" UserId="20" />
  <row Id="95" PostId="52" Text="This answer should perhaps be moved to a new meta post." CreationDate="2011-10-18T15:38:31.770" UserId="89" />
  <row Id="96" PostId="26" Text="It's a bit problematic: there are few economics questions that are too simple--most economics ANSWERS are too simple.  Consider a &quot;simple&quot; question: &quot;Where do prices come from?&quot;  The answer might be simple or complex depending on the audience.  Perhaps many of these issues could be resolved by assuming questions are seeking the graduate level answer, and not the ECON 101 answer?" CreationDate="2011-10-18T16:08:46.413" UserId="26" />
  <row Id="97" PostId="63" Score="1" Text="There might indeed be a high correlation between a question being bad and it being a &quot;goldbug/bitcoin question,&quot; but that need not always be the case." CreationDate="2011-10-18T19:58:14.277" UserId="40" />
  <row Id="98" PostId="64" Text="I think the questions we've had so far illustrate so very well why this minimum standard is so necessary http://economics.stackexchange.com/search?tab=newest&amp;q=closed%3a1" CreationDate="2011-10-18T20:52:18.020" UserId="104" />
  <row Id="99" PostId="64" Text="@EnergyNumbers I don't think that link without explanation illustrates much of anything; could you please elaborate?" CreationDate="2011-10-18T21:54:51.417" UserId="40" />
  <row Id="100" PostId="64" Score="3" Text="Many of those questions deserved to be closed for reasons independent of what we're discussing here.  The two you cited that are most relevant (about [currency of the future](http://economics.stackexchange.com/questions/121/currency-of-the-future) and [infinitely divisible money](http://economics.stackexchange.com/questions/252/is-infinitely-divisible-fixed-quantity-currency-affectable-by-hoarding)) are at their hearts asking about economies involving different assumptions.  Perhaps they need to be reworded, but I think limiting the site to adherents of certain economic viewpoints is limiting." CreationDate="2011-10-18T21:55:47.687" UserId="40" />
  <row Id="101" PostId="60" Text="Do you have a particular example in mind that wouldn't be too basic?  Most can be answered with a link to Wikipedia, I would think.  Stuff like &quot;How long did the Great Depression last?&quot;" CreationDate="2011-10-19T00:24:09.707" UserId="20" />
  <row Id="102" PostId="66" Text="Unfortunately, I doubt most of our future questioners will have quite as specific a need as in your example, and so we will still need some way to deal with the majority of data questions. Check out the quant.SE data question to see how it can work (in theory) with a little bit of editing and moderation." CreationDate="2011-10-19T01:15:48.177" UserId="89" />
  <row Id="103" PostId="60" Text="If JEL assigns an entire top-level code to it, then I assume there are plenty of non-basic questions. Just check out the vast literature with that code." CreationDate="2011-10-19T01:17:37.690" UserId="89" />
  <row Id="104" PostId="66" Score="2" Text="@Tal I did, it's a mess.  You have on big list with broad categories and no details, and a bunch of other random answers of varying quality as well.  I don't believe for a second that people won't have specific needs for data, they're not just looking for masses of data with no intent." CreationDate="2011-10-19T02:07:32.543" UserId="20" />
  <row Id="105" PostId="60" Text="Questions about the analysis of history and the like is obviously on topic, so I assumed you're asking about historical facts. If that's not the case, please elaborate in the question.  (Side note: Vast literature indicates to me that it's trivial to find information oneself.)" CreationDate="2011-10-19T02:15:33.983" UserId="20" />
  <row Id="106" PostId="66" Text="At least 51 people seem to think the list is helpful (most of those up-votes came after my editing).  If I were a moderator, I'd also go in and delete all the other posts that have now been made irrelevant.  I'm open to suggestions on how to deal with this problem, but please don't delude yourself into thinking that *only* people with very specific needs will come to this site asking for help.  If this is not handled properly up-front, we will **constantly** be dealing with people asking &quot;where can I find quarterly GDP?&quot; and other such simple questions." CreationDate="2011-10-19T02:40:00.217" UserId="89" />
  <row Id="107" PostId="60" Text="@MatthewRead I am talking about analysis of economic history, and its not obvious to me that is on topic given the existence of history.SE (why not post an answer and let community decide?).  Vast literature indicates that academics think there are many interesting questions to address.  Surely there are some more questions that SE users may have that have not been addressed by the literature.  Also, literature recommendations are a large part of the value added potential of this site." CreationDate="2011-10-19T02:46:24.627" UserId="89" />
  <row Id="108" PostId="66" Text="@TalFishman There are over 200 **closed** questions on Stack Overflow with a score that high.  Those sort of resource posts always get votes, and I don't view their votes as an indicator of anything other than imagined helpfulness.  Basic questions are already off-topic, and SE is not for people who are unable to form a Google search.  I don't think this sort of post is useful to the people who can really contribute to the site." CreationDate="2011-10-19T02:54:07.037" UserId="20" />
  <row Id="109" PostId="66" Text="There are precisely zero closed or open other questions with a score that high on quant.SE.  You cannot compare SO (over 16 million monthly visits) to quant.SE (under 14,000 monthly visits)." CreationDate="2011-10-19T02:59:36.343" UserId="89" />
  <row Id="110" PostId="66" Text="@Tal Some of those questions have fewer views than the Quant question and are perfectly comparable.  Votes are not an indicator of suitability, and I stand by all my other points regardless." CreationDate="2011-10-19T03:06:55.757" UserId="20" />
  <row Id="111" PostId="67" Score="3" Text="Perhaps a tad arrogant ;p but a good answer - many historical events have economic origins or consequences, so worth including." CreationDate="2011-10-19T06:18:06.233" UserId="48" />
  <row Id="112" PostId="65" Text="This website is not deigned to be a platform for research (i.e.: a bespoke journal). It is a swap-shop for pre-existing knowledge and understanding. The questions I highlighted were not from people interested in Economics, they were from video-gamers who will put better Economists off (and who are amply catered for elsewhere)." CreationDate="2011-10-19T07:59:45.147" UserId="44" />
  <row Id="113" PostId="64" Score="2" Text="it's not a question of limiting it to particular viewpoints - it's about a certain minimum threshold of quality. Adherents to various heterodoxies have so far not generated content of appropriate quality here. That's not entirely surprising, but it doesn't **have** to be the case - I know of at least one living educated, informed Austrian-schooler who's able to produce quality content, so it is possible. I look forward to seeing content of such quality here, but you'll understand why I'm not holding my breath." CreationDate="2011-10-19T09:15:52.107" UserId="104" />
  <row Id="114" PostId="63" Text="Goldbug is a pejorative term." CreationDate="2011-10-19T14:11:30.950" UserId="10" />
  <row Id="115" PostId="65" Score="2" Text="@PatrickBeardmore There are real economists doing work on virtual currencies, i.e. http://en.wikipedia.org/wiki/Edward_Castronova. Therefore, there is a body of work that we can reference to answer these questions." CreationDate="2011-10-19T14:12:31.370" UserId="10" />
  <row Id="116" PostId="64" Score="2" Text="@EnergyNumbers Your bias is evident. You don't like Austrian theory and you don't think it belongs on this site, unless it's written by the 1 person you know who's not an idiot? I'm not sure why this is even relevant to virtual currencies." CreationDate="2011-10-19T14:16:58.510" UserId="10" />
  <row Id="117" PostId="64" Text="@mehaase. That's not what I wrote. Nor what I meant. It is possible to have an intelligent comment from an Austrian economist. It's even conceivable that we might get an intelligent comment from a goldbug. However, there's been a strong correlation on this site, and on the web as a whole, to date, between bad questions and heterodox views (including goldbugs and virtual currencies)" CreationDate="2011-10-19T15:22:31.547" UserId="104" />
  <row Id="118" PostId="65" Text="@PatrickBeardmore Video gamer questions are off-topic regardless of their specific nature. That doesn't mean there can't be valid questions on the subject of web-based currencies, and questions should be *questions*, not discussions of or the publication of research.  Researchers are capable of posting real questions I'm sure :P" CreationDate="2011-10-19T17:09:32.323" UserId="20" />
  <row Id="119" PostId="23" Score="1" Text="I'll add that I don't think this is perhaps something covered in econ 101." CreationDate="2011-10-19T17:56:06.403" UserId="119" />
  <row Id="120" PostId="59" Text="+1 complete agreement" CreationDate="2011-10-20T12:11:32.157" UserId="50" />
  <row Id="121" PostId="38" Text="I agree! I'm not sure how I would write that. You should take a crack at it and get everyone's feedback." CreationDate="2011-10-21T01:27:44.697" UserId="149" />
  <row Id="122" PostId="33" Text="Hi @RebeccaChernoff, I was wondering if there was any update on the ability to turn on LaTeX. I think many of us feel that this is necessary to attract the expert-level contributors we hope to see on the site." CreationDate="2011-10-21T01:37:59.910" UserId="149" />
  <row Id="123" PostId="68" Score="1" Text="I think this is a great idea! The shorter the better!" CreationDate="2011-10-21T01:38:45.057" UserId="149" />
  <row Id="124" PostId="1" Text="I think this is a really great idea. How are these usually written? Should one person take ownership of this, create a first draft and then get comments? Should there be a call for everyone to add their 2 cents and then have aggregation? As an economist, I am very new to this &quot;public good&quot; thing and don't know how to behave." CreationDate="2011-10-21T01:41:08.890" UserId="149" />
  <row Id="125" PostId="73" Score="1" Text="Cross-posting by actually posting the same question on multiple sites is discouraged.  You don't have to explicitly search every SE site for a similar question, though research is expected before asking any question (check out the tooltip when you hover over the upvote button on the main site)." CreationDate="2011-10-21T14:42:57.473" UserId="20" />
  <row Id="126" PostId="74" Text="Thanks for letting us know - that's great news." CreationDate="2011-10-21T15:33:34.493" UserId="104" />
  <row Id="127" PostId="70" Text="Indiana University is my alma mater! :D Also, though less scholarly, [Cory Doctorow](http://en.wikipedia.org/wiki/Cory_Doctorow) has also written extensively about online/gaming economies and their weaknesses/strengths, though usually in his fiction. While his agenda is more social justice than economic, it's still worth noting. :)" CreationDate="2011-10-22T21:48:08.473" UserId="1" />
  <row Id="128" PostId="1" Text="There were some suggestions, but how do we go about implementing them? Who can edit the FAQ?" CreationDate="2011-10-23T04:17:18.413" UserId="50" />
  <row Id="129" PostId="38" Text="Let me give this some thought - I want to track down one of the comments on normative questions I've read and see if that offers any insight." CreationDate="2011-10-23T10:12:51.797" UserId="48" />
  <row Id="130" PostId="76" Text="Yeah, agreed, all useful stuff - most of the job of the working economist is tracking our data and explaining our results; I think even questions on visualisations should be useful." CreationDate="2011-10-23T10:15:12.290" UserId="48" />
  <row Id="131" PostId="33" Text="I say we should hold off until the site is in public beta before we enable MathJax. I think we have a lot of good content here as we are, Greek letters are enabled in the text field, and MathJax means *every single page* loads slower. At the moment, it strikes me that the cost of MathJax (in the short term) is far higher than its benefit. Once we start having more traffic and experience a rightward demand-shift for MathJax, we can (and should) enable it." CreationDate="2011-10-24T00:32:44.230" UserId="1" />
  <row Id="132" PostId="31" Score="1" Text="Well, one effect that I have noticed (in the few minutes since I started browsing this site) is that there are an awful lot of posts with messed up formatting because they are using $ to denote dollars, and inadvertantly going into and out of tex mode. It does seem unfortunate that an economics site would reserve the $ sign for going into math mode." CreationDate="2011-10-26T00:21:08.587" UserId="189" />
  <row Id="133" PostId="79" Text="FWIW, I was able to use MathJax without any instructions.  I'd assume that most people who have made it through an econ graduate program recently will have had at least one class in which problem sets had to be formatted using LaTeX." CreationDate="2011-10-26T03:15:28.027" UserId="26" />
  <row Id="134" PostId="82" Score="2" Text="So questions no longer need to be graduate level questions?" CreationDate="2011-10-26T15:38:21.260" UserId="133" />
  <row Id="135" PostId="82" Score="2" Text="@Chad - AIUI, that's right. But they shouldn't be answerable by general reference either. And questions should show some research effort, and be useful to others as well as the OP." CreationDate="2011-10-26T16:04:10.280" UserId="104" />
  <row Id="136" PostId="68" Score="1" Text="...and &quot;Personal Finance &amp; Money&quot; has http://money.stackexchange.com" CreationDate="2011-10-27T21:05:51.587" UserId="160" />
  <row Id="137" PostId="82" Text="@EnergyNumbers Could you clarify what you mean regarding, &quot;based on one or more true premises&quot;?  Obviously you want to exclude questions like, &quot;What caused the Great American Recession of late 1990s?&quot; since that is based on the false premise that there was such a recession.  However, it's not clear whether you wish to exclude hypothetical questions or questions that otherwise deal with non-standard economic assumptions." CreationDate="2011-11-01T15:44:47.777" UserId="40" />
  <row Id="138" PostId="82" Text="I mean that it shouldn't be based on false premises. The assumptions that the question makes should be true. The basis presented within the question should reflect the actuality. A question such as &quot;what would have happened to the 1970s oil crisis if Apollo 11 had discovered that the moon was not made out of cheese, but was in fact made out of kerosene&quot; is a bad question." CreationDate="2011-11-01T15:50:43.940" UserId="104" />
  <row Id="139" PostId="85" Text="See http://meta.economics.stackexchange.com/questions/86/use-as-the-inline-mathjax-delimiter-rather-than for a feature-request to apply the electronics.SE solution here too" CreationDate="2011-11-01T16:08:05.107" UserId="104" />
  <row Id="140" PostId="88" Score="1" Text="And there's the Numerical Modelling and Simulation proposal too, currently in commitment : http://area51.stackexchange.com/proposals/1907/numerical-modeling-and-simulation?referrer=3_PccF1xXZWENXVbMz64bg2" CreationDate="2011-11-02T06:04:32.483" UserId="104" />
  <row Id="141" PostId="92" Text="Oh, and as an aid to the general reader, I will rephrase this as a question to go in the main part..." CreationDate="2011-11-02T18:10:08.940" UserId="48" />
  <row Id="142" PostId="93" Text="Sure, that's certainly the main reason - I'm trying to go a little deeper, however, because otherwise we are going to be permanently weeding these out.  We need a way to draw normative questions towards reasoned questions and answers.  I want to establish whether the only response is closing the questions, or whether we can &quot;prove&quot; why normative questions can't be answered.  In other words, is asking this question in itself normative?" CreationDate="2011-11-02T19:19:14.267" UserId="48" />
  <row Id="143" PostId="93" Text="+1 for the closing paranthetical comment" CreationDate="2011-11-02T20:00:26.493" UserId="104" />
  <row Id="144" PostId="94" Text="Good point.  And raises this: How, on the open web, will we prevent non &quot;graduate and professional economists&quot; from asking questions?  If we can't then we need a way to handle them with respect and tolerance." CreationDate="2011-11-02T21:05:28.020" UserId="48" />
  <row Id="145" PostId="95" Text="This might help shed some light: http://blog.stackoverflow.com/2011/02/are-some-questions-too-simple/" CreationDate="2011-11-03T06:35:33.057" UserId="104" />
  <row Id="146" PostId="98" Text="Good point.  How about Tim Harford (Undercover Economist and the rest of his ouvre)?  His books are more what I had in mind (I realise, though, that Freakonomics is what gave life to this topic in the first place). And what would we call it?" CreationDate="2011-11-03T13:24:08.407" UserId="48" />
  <row Id="147" PostId="96" Text="Thanks Turukawa.  I think I failed to appreciate the dynamic nature of SE.  As I understand your answer, the community standards are not something that is dictated (or voted) explicitly, but they are determined by up/down/close votes and comments.  Thus, the standards may evolve over time and therefore it is not necessary for there to be rules to cover each case.  So, as [Justice Stewart](http://en.wikipedia.org/wiki/I_know_it_when_I_see_it) might say:  I can't specify which questions are too basic, but I know it when I see it.   Or perhaps I've misunderstood." CreationDate="2011-11-03T14:24:56.967" UserId="26" />
  <row Id="148" PostId="95" Text="@EnergyNumbers - thanks! I think that pretty much settles it." CreationDate="2011-11-03T14:26:53.487" UserId="26" />
  <row Id="149" PostId="99" Text="Again, fair point, which leads to the question - how should we tag these types of questions?  Lateral thinking?" CreationDate="2011-11-03T15:13:05.590" UserId="48" />
  <row Id="150" PostId="96" Text="Yes, exactly, which is why questions that I've posed (like the normative question one) are essential for this early signalling phase.  All of this has to be handled fairly sensitively otherwise it just becomes a flame war.  &quot;We&quot; - as the members with the most rights - can agree how we want to assist the site but we certainly can't stop people going in directions most useful for themselves." CreationDate="2011-11-03T15:15:59.487" UserId="48" />
  <row Id="151" PostId="102" Text="I like it, but &quot;monetary economics&quot; is a branch of macro, so it might be confusing." CreationDate="2011-11-04T17:42:41.327" UserId="26" />
  <row Id="152" PostId="102" Text="yeah, tricky, isn't it? And non-money-economics just sounds like barter to me." CreationDate="2011-11-04T17:45:00.640" UserId="104" />
  <row Id="153" PostId="100" Text="+1 This is pretty close (but not quite) what what I'm thinking of without being too long.   I assume these can be easily changed in the future if necessary." CreationDate="2011-11-04T17:48:47.280" UserId="26" />
  <row Id="154" PostId="98" Text="@Turukawa  The first book of this genre I recall is &quot;Hidden Order: the Economics of Everyday Life&quot;, but that's a bit long for a tag." CreationDate="2011-11-04T17:51:44.500" UserId="26" />
  <row Id="155" PostId="103" Text="yup, I think the limit is 25 characters - so it's just too long." CreationDate="2011-11-04T18:08:56.133" UserId="104" />
  <row Id="156" PostId="104" Text="Good insight!  In fact, the unifying theme of many of these types of analyses is a focus on rational behavior--that simply assuming rationality goes a long way even in non-market contexts. Perhaps a slight adjustment to **&quot;rational-behavior&quot;** then?  We can ignore the fact that some people call this &quot;amateur sociology&quot;. :-)" CreationDate="2011-11-04T21:48:09.213" UserId="26" />
  <row Id="157" PostId="109" Score="1" Text="the trouble is that Revealed Preference is already a category of study within market research, and it's largely within the framework of conventional economics." CreationDate="2011-11-05T15:09:17.230" UserId="104" />
  <row Id="158" PostId="109" Text="It is but it comes close to what we're all wondering about: a way of using economic research techniques to reveal the way in which people unconsciously use non-financial price-discrimination to value and act on non-financial choices." CreationDate="2011-11-05T15:50:30.880" UserId="48" />
  <row Id="159" PostId="109" Text="hmmm. How's **non-financial-preferences** as a possibility?" CreationDate="2011-11-05T15:51:59.093" UserId="104" />
  <row Id="160" PostId="109" Text="has the benefit of being practical" CreationDate="2011-11-05T18:02:25.600" UserId="48" />
  <row Id="161" PostId="100" Score="1" Text="It seems that there are only three of us in this discussion (@Turukawa, you and me).  Since this answer is +2, might I suggest that we go with this tag for now? A synonym can be added later if something better comes up.  It might be better to have a tag NOW than to have a better tag in 2 weeks." CreationDate="2011-11-05T21:45:04.527" UserId="26" />
  <row Id="162" PostId="100" Text="I've done that now, and put a tag edit in the queue for it" CreationDate="2011-11-05T22:12:22.410" UserId="104" />
  <row Id="163" PostId="110" Text="As you may have inadvertantly proven, it may not matter what we want if that is what interests people.  Now that we have questions like this on the site, and they've attracted this sort of interest, likelihood is we will be getting a lot more (like the chewing gum question which immediately followed yours)..." CreationDate="2011-11-07T09:10:05.043" UserId="48" />
  <row Id="164" PostId="110" Text="Fair point. It would be very disappointing if we do not attract more of the Graduate / Professional Economist type questions that are the initial focus. (Clearly there are not enough of this audience on the site now based on which questions are open.). I agree that we should still aim to maintain a high quality bar where the original litmus test for each question still applies." CreationDate="2011-11-07T14:00:27.647" UserId="117" />
  <row Id="165" PostId="110" Text="Our difficulty at the moment is in encouraging new users while still allowing the enthusiastic amongst us to pounce on every question to up our tallies so more of us can have editing and maintenance rights.  All the problems of a new site..." CreationDate="2011-11-07T19:56:14.893" UserId="48" />
  <row Id="166" PostId="114" Text="I think you're stumbling in during the early teething stages of the site and I'm sorry you're getting such a rough landing (although, you could check out my questions - and the response to it - on normative economics to see real rough). The difficulty is that a theory may be normative and untangling it can be very complex to answer within the context of this site. First the nature of the question needs to be understood and that does require reflection from the asker; that process is more tricky in a format that requires Question -&gt; Answer." CreationDate="2011-11-10T18:53:55.080" UserId="48" />
  <row Id="167" PostId="114" Text="@Turukawa - no problem! I'm fine with that. :-)" CreationDate="2011-11-11T08:30:25.300" UserId="354" />
  <row Id="168" PostId="114" Score="2" Text="There actually are some existing Stack Exchange sites that are exclusively for academics/experts; see [theoreticalphysics.se] and [cstheory.se]. However, there have been several others that were originally intended to be expert-centric sites, but ended up being more general. I guess we'll have to wait and see which category this site falls into." CreationDate="2011-11-12T08:27:50.160" UserId="174" />
  <row Id="169" PostId="100" Text="don't like the tag" CreationDate="2011-11-14T02:02:47.313" UserId="149" />
  <row Id="170" PostId="107" Text="don't like the tag" CreationDate="2011-11-14T02:02:57.500" UserId="149" />
  <row Id="171" PostId="119" Text="And more importantly, spread the word!" CreationDate="2011-11-15T19:18:28.990" UserId="68" />
  <row Id="172" PostId="120" Score="3" Text="+1 I fully support the aggressive revision suggestion; I think economics questions are (and will be) very google-able, and the better those questions are, the better the site traffic will be. Which, in turn, will be self-fulfilling." CreationDate="2011-11-16T19:29:24.203" UserId="1" />
  <row Id="173" PostId="122" Text="do you want those two linked? I think I can do that with the tag synonyms thingie..." CreationDate="2011-11-19T09:54:45.063" UserId="48" />
  <row Id="174" PostId="122" Text="I think they're separate. [tag:lateral-applications] deals with the bottom-left corner of the table I drew above - http://meta.economics.stackexchange.com/questions/97/are-freakonomics-style-questions-welcome/104#104 . [tag:pop-economics] deal with popular subjects in the top row of that table." CreationDate="2011-11-19T11:54:26.773" UserId="104" />
  <row Id="176" PostId="124" Text="Thank you to all three for volunteering their time and effort to keep this site on the rails; and thanks too to the moderating team that have been overseeing the site up to this point." CreationDate="2011-11-28T16:28:39.780" UserId="104" />
  <row Id="177" PostId="115" Text="And, to note, I have now deleted the comment." CreationDate="2011-11-28T21:44:56.933" UserId="48" />
  <row Id="178" PostId="124" Text="Gong to need some guidance.  Discovered it's quite intimidating suddenly having the power to delete flagged comments - many of which have been piling up for a few weeks." CreationDate="2011-11-28T21:46:07.587" UserId="48" />
  <row Id="179" PostId="124" Text="@Turukawa Go on, wipe 'em ;-)  This is a Q&amp;A site after all - most comments add nothing. And having said that, I guess I'd better stop writing this comment now." CreationDate="2011-11-29T20:48:08.410" UserId="104" />
  <row Id="180" PostId="126" Text="Fair points - I'll chime in on the meta-post" CreationDate="2011-11-30T04:37:56.733" UserId="117" />
  <row Id="181" PostId="134" Text="Cool. Can we close http://economics.stackexchange.com/q/643/104 then?" CreationDate="2011-12-03T20:49:55.217" UserId="104" />
  <row Id="182" PostId="134" Score="1" Text="@EnergyNumbers  Done. Since there has been no objection, I'll add in the suggested &quot;questions about data&quot; section when I update the FAQ in a few hours. I very much dislike closing posts (but have done so 30 times so far).  Hopefully if we are more specific in the FAQ, we will need to close fewer posts." CreationDate="2011-12-03T21:20:00.523" UserId="26" />
  <row Id="183" PostId="136" Text="+1 for bringing this up.  I think it is well worth discussing (1) just what sorts of topics are out of bounds and (2) how we will judge the literature that is cited in an answer (e.g. how much criticism should an respondent devote to the articles (s)he cites)?  I don't agree with your conclusion, however, but I do think your concerns are valid." CreationDate="2011-12-06T17:28:06.130" UserId="26" />
  <row Id="184" PostId="137" Text="Yes, I think the model gives no useful insights. It just looks like a Sokal Hoax to me - so much of a parody that it's hard to believe that it's not intentional." CreationDate="2011-12-06T18:10:51.820" UserId="104" />
  <row Id="185" PostId="137" Text="I'll be over in chat for the next 30 mins if you want to discuss." CreationDate="2011-12-06T18:14:52.700" UserId="104" />
  <row Id="186" PostId="136" Text="We have to be careful on such an issue. If the paper being given as answer is flawed, then the answer may be rewritten or edited. However, since we can downvote, there is a natural regulation for such a problem. If the problem is a moral issue about the topic of the question, then the discussion is to be completely different here..." CreationDate="2011-12-16T09:53:19.273" UserId="82" />
  <row Id="187" PostId="138" Text="Looks broadly fine to me. I think that econo-stats questions have fared pretty badly on this site so far (there are 4 or 5 with no answers), though, and would be better placed over on stats.SE" CreationDate="2011-12-22T08:02:48.093" UserId="104" />
  <row Id="188" PostId="139" Score="1" Text="I was thinking of adding a [misogyny] tag. The thing is, I don't really want my username anywhere near these questions (toxic tainting of the brand), so I really don't want to edit the questions or the answers" CreationDate="2011-12-22T11:18:41.860" UserId="104" />
  <row Id="189" PostId="139" Text="Update: The question has since been closed. It helps when the community issues downvotes, close votes and flags (as appropriate).  The new [proposed faq](http://meta.economics.stackexchange.com/questions/138/text-for-the-faq) contains language that I think would allow us to handle these questions immediately instead of requesting revision (&quot;professional tone&quot; and &quot;premises backed up by formal literature&quot;)." CreationDate="2011-12-22T21:17:38.880" UserId="26" />
  <row Id="190" PostId="145" Text="I think both you and @JasonB have the more moderate view which agrees with my own, so happy to act in terms of &quot;moderator of last resort&quot; and also that this becomes less of an issue as the number of users with 500+ rep increases." CreationDate="2012-02-11T12:15:18.783" UserId="48" />
  <row Id="191" PostId="146" Text="If there is broad agreement, I'm in favour..." CreationDate="2012-02-16T15:23:44.667" UserId="48" />
  <row Id="192" PostId="147" Text="That's very kind, thank you. See related questions over on the stackexchange mother meta - http://meta.stackoverflow.com/q/64768/164022 and http://meta.stackoverflow.com/q/2261/164022" CreationDate="2012-02-20T17:35:22.507" UserId="104" />
  <row Id="198" PostId="157" Text="thanks for the heads-up" CreationDate="2012-03-16T07:14:18.910" UserId="104" />
  <row Id="199" PostId="155" Text="These last two are a bit more tricky.  I can't tell if the q&amp;a for the STATA question are the same person (different IPs but exact same joining and activity).  The last could still be rephrased to be useful..." CreationDate="2012-03-16T10:00:20.783" UserId="48" />
  <row Id="200" PostId="147" Text="@EnergyNumbers - oh, well, thought it was a nice idea ;)" CreationDate="2012-03-16T10:03:54.210" UserId="48" />
  <row Id="201" PostId="155" Score="1" Text="Can I suggest that more people vote to close.  If either of the moderators vote it is closed automatically and I'm uncomfortable closing a specific question if there isn't clear support for this." CreationDate="2012-03-19T08:47:06.243" UserId="48" />
  <row Id="202" PostId="160" Score="4" Text="Why would that site not have simply posted here?" CreationDate="2012-04-25T18:27:26.447" UserId="133" />
  <row Id="203" PostId="159" Score="6" Text="that's a shame: our daily visitors count had just started to rise, it seemed." CreationDate="2012-04-25T19:29:44.087" UserId="104" />
  <row Id="204" PostId="161" Score="4" Text="I agree - the current system for tracking progress and providing feedback is broken; the [Area 51 page](http://area51.stackexchange.com/proposals/1618/economics) tries to give you an overview of where you stand, but completely fails at indicating *progress* (or a lack thereof). I don't want to get into the habit of *nagging* sites that are doing their best, but some sort of regular status update is something we owe you - this is as much of a wake-up call for us as anything. So lemme just say again, that I do - we all do - greatly appreciate the time and effort you've put in, and stay tuned..." CreationDate="2012-04-25T23:36:19.150" UserId="16" />
  <row Id="205" PostId="160" Text="Hi Chad. Happy to provide you with your critic badge. I'm a recent arrival to stack exchange and was excited to see an economics site. As an economist, I think a 'Research Economics' site sounds promising, while the current site has clearly not been successful, for whatever reason (low-level questions?). In the discussion of a Research Economics site on area51, the current site was given as a reason not to go forward. Is that clear enough?" CreationDate="2012-04-26T07:48:34.090" UserId="659" />
  <row Id="206" PostId="160" Text="Well I will wish you guys well.  I am disappointed that this site failed.  I hope you have better success.  As for a critic badge I think once they close the site no one will see it anyway :p" CreationDate="2012-04-26T12:43:11.507" UserId="133" />
  <row Id="207" PostId="164" Score="1" Text="Indeed it takes time for people to learn how to ask good economics questions, doubly so because they need to learn about the SE way of doing things.  I thought we were starting to get to that point--where a core set of users were getting the idea, and helping others with constructive comments.  That would have set the seed for growth of the site.  Certainly &quot;all&quot; of the questions aren't bad, and if some of our community were thinking of new users as &quot;schmucks&quot; then that might explain why the site wasn't taking off as fast as some had hoped." CreationDate="2012-04-26T13:09:59.443" UserId="26" />
  <row Id="208" PostId="166" Text="You'd want to bring this up on [Meta Quant](http://meta.quant.stackexchange.com/) for their consideration..." CreationDate="2012-04-26T22:28:02.420" UserId="16" />
  <row Id="209" PostId="166" Text="@Shog9: Could you give me a link?" CreationDate="2012-04-26T22:37:04.947" UserId="178" />
  <row Id="210" PostId="166" Text="Uh... Click the bit of text that says &quot;Meta Quant&quot; in my first comment. FWIW: [there's already a discussion ongoing there regarding this topic](http://meta.quant.stackexchange.com/questions/291/economics-se-is-closing-do-we-want-some-of-their-questions)." CreationDate="2012-04-26T22:39:28.690" UserId="16" />
  <row Id="211" PostId="164" Text="Actually, I was referring to the existing users as schmucks." CreationDate="2012-04-26T23:10:47.747" UserId="669" />
  <row Id="212" PostId="165" Text="Thank you for looking out for us Ilmari. I am sad. This is such a high quality content site. But I understand that it wasn't used enough. I will miss y'all." CreationDate="2012-04-27T19:16:18.280" UserId="130" />
  <row Id="213" PostId="164" Score="3" Text="prototoast is right, this site is full of schmucks, of which I am one.  If it wasn't for the elucidations of the all-wise, all-knowing prototoast this site would be full of nothing but useless drivel.  In fact, I'm going to propose a new stackexchange site: prototoast.se.com.  People could go there to be enlightened by the oracle provided prototoast would be willing to tolerate the schmucks." CreationDate="2012-04-28T14:08:05.007" UserId="165" />
  <row Id="214" PostId="163" Text="I'm not averse to redirection, but at present we've no real support for it - I'm currently pushing for a way to automatically redirect requests for questions that have been migrated prior to closure to their destination, which would be extremely helpful. If you get something up and running, adding a link to the Area 51 page is possible. Keep in mind also that we're working on a way to structure site creation differently, with the eventual goal of turning &quot;shutdown&quot; into something more akin to a living archive - this may at some point provide a more useful resurrection." CreationDate="2012-04-28T16:04:52.553" UserId="16" />
  <row Id="215" PostId="167" Text="Please ask the destination site before migrating a question. I just removed a question from OnStartups that was migrated there, because it was not on topic for our site." CreationDate="2012-04-28T18:30:37.200" UserId="922" />
  <row Id="216" PostId="167" Text="@ZulyGonzalez I agree that it would be best to coordinate with the receiving site via meta.  But in that ideal world, we would have more than a few days' warning that the site is closing.  I'm afraid the only way to get this done will be for us to migrate questions and let the receiving site decide if they want to keep them.  Is what you are requesting a policy of SE, or just your personal preference?" CreationDate="2012-04-28T19:22:33.780" UserId="26" />
  <row Id="217" PostId="167" Score="1" Text="I'm not an SE employee, so I can't speak on their behalf. As far as I know it's not an SE policy, it's just the courteous thing to do. I understand your current constraints (and I'm sorry your site is being closed), but it's not very productive to dump a bunch of questions to another site that may or may not be a good fit for that site (I'm not suggesting this happened). There were 2 Qs migrated to our site from here, neither of them were a good fit for us. One was way off-topic, so I deleted it, which reversed the migration. (The question is back on your site.)" CreationDate="2012-04-28T22:06:55.260" UserId="922" />
  <row Id="218" PostId="167" Score="1" Text="The other was slightly off-topic, and I'm still debating what to do with it. My suggestion would be to simply compile a list of the Qs you guys think are potential candidates for migration to OnStartups, then posting a question on our meta site listing those Qs. Give it say 1-2 days to compile the list, and 1-2 days for our community to respond. Or you can just ping me. I'm more than happy to take a look at any Qs that may be possible candidates for us." CreationDate="2012-04-28T22:07:04.027" UserId="922" />
  <row Id="219" PostId="163" Text="A living archive would a LOT easier than trying to figure out where questions &quot;should&quot; go.  Could you then revive a version from before we started the migrations (i.e. a frozen version of the site from immediately prior to the shutdown announcement?)" CreationDate="2012-04-29T11:31:24.610" UserId="48" />
  <row Id="220" PostId="169" Score="2" Text="I suspect some questions here may simply not be on topic at any other SE sites because they are so purely about economics. Alas, for the same reason, those questions may well be concentrated among the best ones for _this_ site. :(" CreationDate="2012-04-29T11:40:33.203" UserId="919" />
  <row Id="221" PostId="169" Text="Ps. I'll try to take a closer look at the math / game theory questions later today, and maybe try to pick out some other migration candidates too if I spot them. (I would've done it sooner, but my monitor broke down and I've had to use this laptop with a postcard-sized screen, which is not exactly the best possible tool for sorting through a lot of pages.)" CreationDate="2012-04-29T11:45:38.547" UserId="919" />
  <row Id="222" PostId="159" Score="1" Text="9 days to evict? I always disliked Stackexchange for it's hostility and cockyness." CreationDate="2012-04-30T10:34:48.057" UserId="77" />
  <row Id="223" PostId="163" Text="@Turukawa not without the datadump - which isn't there, as far as I can see. And I don't have time this week to write an API scraper to grab the site as it is now, either. I can see how it's against StackExchange's commercial interest to facilitate setting up a site that would compete with what they envisage to be some future econ.SE site." CreationDate="2012-04-30T13:27:06.327" UserId="104" />
  <row Id="224" PostId="169" Text="I've collected a list of possible math.SE migration candidates [here](http://meta.math.stackexchange.com/a/4076), but let's give others there a little time (say, half a day at least) to comment first." CreationDate="2012-04-30T22:18:33.467" UserId="919" />
  <row Id="225" PostId="169" Text="Ps. Apparently, [not everyone on money.SE feels quite so accommodating](http://meta.money.stackexchange.com/a/494). :(" CreationDate="2012-04-30T22:19:00.407" UserId="919" />
  <row Id="226" PostId="169" Text="We at money SE would prefer if the migrated questions were on-topic according to our FAQ.  Not on-topic at money SE: *&quot;Academic [i.e. advanced] questions about economics or questions about economics that have no bearing on personal finance&quot;*.  So, a portion of the migrated questions may ultimately be closed &amp; deleted." CreationDate="2012-05-01T00:55:56.547" UserId="160" />
  <row Id="227" PostId="169" Text="Granted, but at least there'll be a discussion about it, and not sure I've transferred more than 30 in total, maybe 15-20 to money..." CreationDate="2012-05-01T06:33:44.567" UserId="48" />
  <row Id="228" PostId="171" Text="Excellent, thanks! That's exactly the kind of help I was hoping for when I started this thread." CreationDate="2012-05-01T06:57:53.150" UserId="919" />
  <row Id="229" PostId="171" Text="No worries. Hopefully, people who like to ask and answer questions about behavioral economics and related topics will feel welcome at Cognitive Sciences - SE.   I've flagged 9 questions for cogsci.se and one for stats.se . My flags are now all used up, although there weren't too many other questions I saw for cogsci.se ." CreationDate="2012-05-01T07:01:57.277" UserId="214" />
  <row Id="230" PostId="171" Text="Thanks again for the effort. Ps. If you do see more, posting links to them here will probably work too, or at least let someone else flag them." CreationDate="2012-05-01T07:04:25.153" UserId="919" />
  <row Id="231" PostId="169" Text="Could you have a look at this list of questions listed on Stats.Stackexchange.com meta for migration: http://meta.stats.stackexchange.com/questions/1117/economics-se-is-closing-can-we-salvage-some-of-the-questions" CreationDate="2012-05-01T07:14:43.953" UserId="214" />
  <row Id="232" PostId="171" Text="Thanks Jeromy.  As you are a mod on Cog Sci, I'll just migrate the questions you flagged." CreationDate="2012-05-01T12:56:43.010" UserId="26" />
  <row Id="233" PostId="169" Text="I've flagged a handful of questions that haven't yet been migrated that are likely to survive at money SE." CreationDate="2012-05-01T15:17:19.283" UserId="160" />
  <row Id="234" PostId="172" Text="PS--I've migrated those questions that were suggested by mods or very high-rep users on the target site (assuming they know their scope better than I).  The other suggested migrations may take some additional consideration." CreationDate="2012-05-01T19:58:13.637" UserId="26" />
  <row Id="235" PostId="167" Score="1" Text="There are two mods and we both have full-time jobs.  I have neither the time nor energy to sit and go through 400 questions, and the hundreds of SE sites to figure out which would be a good fit, compile that and then place a formal request on each SE site.  If we fire them across and they get reverted, so be it." CreationDate="2012-05-01T20:13:55.147" UserId="48" />
  <row Id="236" PostId="172" Text="Thanks Jason, will do my best but it's also a busy week for me.  I figure we'll lose most of them and I'll be hated all across the SE universe for &quot;random and unsolicited migrations&quot; ;p" CreationDate="2012-05-01T20:16:09.900" UserId="48" />
  <row Id="237" PostId="169" Text="@ChrisW.Rea Thank you VERY much.  I've gone ahead and migrated those--given your status on that site, I trust that you have a pretty good sense for what will be on-topic." CreationDate="2012-05-01T20:22:32.423" UserId="26" />
  <row Id="238" PostId="172" Text="Thanks @Turukawa.  I'm sure the folks on the other sites will understand.  I just migrated a bunch of questions, so maybe I'll take most of the heat.  As long as the person requesting the migration seems like they'd know what's on topic on the target site (high rep or mod), I seriously doubt we'll be too far off the mark." CreationDate="2012-05-01T20:25:53.463" UserId="26" />
  <row Id="239" PostId="167" Text="@Turukawa I am currently the only _active_ mod on OnStartups (a site that is much bigger than this one), and up until a week ago I had a full-time job **and** a part-time job. Please be considerate of other people's time. My time is no less valuable than yours. It's not an issue of being unwilling to take your questions, but I find it astonishing that it appears as though you want the mods from the other sites to do your job for you. Please not that it is not our responsibility to dig through your site (which is unfamiliar to us) in the hopes of finding a few on-topic questions." CreationDate="2012-05-02T16:20:43.037" UserId="922" />
  <row Id="240" PostId="167" Text="@Turukawa Please see [this official answer](http://meta.answers.onstartups.com/a/865) from a Stack Exchange employee, which backs up my decision not to accept a litany of mostly off-topic questions from Econ.SE. Also, it is worth mentioning that you do not have to migrate every single question on this site to another SE site. It is expected that most will not be on topic on any other SE site. The number of questions you migrate should be small compared to the number of questions currently on the site." CreationDate="2012-05-02T16:22:27.400" UserId="922" />
  <row Id="241" PostId="167" Text="@ZulyGonzalez I wouldn't expect many questions to be migrated to OnStartups (and I don't think two questions constitute a &quot;litany&quot;).  The questions being migrated for the most part are those that have been identified by very high-rep users of the target site or mods on the target site.  Please don't mischaracterize what is being done here--indeed, I'd be surprised if your site is affected again." CreationDate="2012-05-02T21:25:03.960" UserId="26" />
  <row Id="242" PostId="159" Text="Hi how do I download the damp for this site? Your link is confusing, offers to download data only for September 2011 and it seems not to be for Economics at all! Help!" CreationDate="2012-05-03T09:13:08.827" UserId="77" />
  <row Id="243" PostId="159" Score="1" Text="@daniel: sorry for the confusion - the dump won't be created until the site actually *closes.* At that point, it'll be linked to from this site's [Area 51 page](http://area51.stackexchange.com/proposals/1618/economics)." CreationDate="2012-05-03T14:32:53.307" UserId="16" />
  <row Id="244" PostId="167" Text="@JasonB I'm not mischaracterizing. 100% of the questions migrated to Onstartups (a total of 3), were migrated without our site being involved. None of our mods or our high rep users identified any of the questions migrated to us as valid migrations. The questions just magically showed up on our site. After I saw what was happening I came here to ask that you please consult with our site if you plan to continue migrating questions to our site, because continuing down this path is going to result in unnecessary work for our mods." CreationDate="2012-05-03T17:45:38.093" UserId="922" />
  <row Id="245" PostId="167" Text="I believe that is a fair request, however, it resulted in @Turukawa falsely characterizing it as &quot;OnStartups has been unwilling to take our questions&quot;. I'm sorry, but we are not going to accept off-topic questions. However, we're more than happy to accept any that are ontopic for us. And yes, I agree that 3 is not a lot, but that is thanks to the fact that I was proactive in stopping the flow of questions being sent our way. Again, if you find a question that you think may be a good fit for our site, I am more than happy to take a look at it." CreationDate="2012-05-03T17:47:02.650" UserId="922" />
  <row Id="246" PostId="165" Text="Ilmari, thanks so much for all your support and help over the last few days.  Very much appreciated.  You ever make it over to the UK, we can go grab a coffee..." CreationDate="2012-05-03T18:37:41.363" UserId="48" />
</comments>