﻿<?xml version="1.0" encoding="utf-8"?>
<votes>
  <row Id="1" PostId="4" VoteTypeId="2" CreationDate="2011-10-11" />
  <row Id="2" PostId="3" VoteTypeId="2" CreationDate="2011-10-11" />
  <row Id="3" PostId="5" VoteTypeId="5" UserId="20" CreationDate="2011-10-11" />
  <row Id="4" PostId="1" VoteTypeId="2" CreationDate="2011-10-11" />
  <row Id="5" PostId="6" VoteTypeId="2" CreationDate="2011-10-11" />
  <row Id="6" PostId="5" VoteTypeId="2" CreationDate="2011-10-11" />
  <row Id="7" PostId="9" VoteTypeId="2" CreationDate="2011-10-12" />
  <row Id="8" PostId="7" VoteTypeId="2" CreationDate="2011-10-12" />
  <row Id="9" PostId="9" VoteTypeId="3" CreationDate="2011-10-12" />
  <row Id="10" PostId="9" VoteTypeId="2" CreationDate="2011-10-12" />
  <row Id="11" PostId="2" VoteTypeId="2" CreationDate="2011-10-12" />
  <row Id="12" PostId="7" VoteTypeId="2" CreationDate="2011-10-12" />
  <row Id="13" PostId="8" VoteTypeId="2" CreationDate="2011-10-12" />
  <row Id="14" PostId="11" VoteTypeId="2" CreationDate="2011-10-12" />
  <row Id="15" PostId="7" VoteTypeId="2" CreationDate="2011-10-12" />
  <row Id="16" PostId="5" VoteTypeId="3" CreationDate="2011-10-12" />
  <row Id="17" PostId="8" VoteTypeId="3" CreationDate="2011-10-12" />
  <row Id="18" PostId="6" VoteTypeId="3" CreationDate="2011-10-12" />
  <row Id="19" PostId="13" VoteTypeId="2" CreationDate="2011-10-12" />
  <row Id="20" PostId="9" VoteTypeId="3" CreationDate="2011-10-12" />
  <row Id="21" PostId="11" VoteTypeId="2" CreationDate="2011-10-12" />
  <row Id="22" PostId="12" VoteTypeId="3" CreationDate="2011-10-12" />
  <row Id="24" PostId="15" VoteTypeId="2" CreationDate="2011-10-12" />
  <row Id="25" PostId="14" VoteTypeId="2" CreationDate="2011-10-12" />
  <row Id="27" PostId="12" VoteTypeId="2" CreationDate="2011-10-12" />
  <row Id="28" PostId="13" VoteTypeId="2" CreationDate="2011-10-12" />
  <row Id="29" PostId="13" VoteTypeId="2" CreationDate="2011-10-12" />
  <row Id="30" PostId="15" VoteTypeId="2" CreationDate="2011-10-12" />
  <row Id="31" PostId="4" VoteTypeId="2" CreationDate="2011-10-12" />
  <row Id="32" PostId="11" VoteTypeId="2" CreationDate="2011-10-12" />
  <row Id="33" PostId="9" VoteTypeId="2" CreationDate="2011-10-12" />
  <row Id="34" PostId="15" VoteTypeId="2" CreationDate="2011-10-12" />
  <row Id="35" PostId="15" VoteTypeId="2" CreationDate="2011-10-12" />
  <row Id="36" PostId="9" VoteTypeId="2" CreationDate="2011-10-12" />
  <row Id="37" PostId="18" VoteTypeId="2" CreationDate="2011-10-12" />
  <row Id="38" PostId="6" VoteTypeId="10" CreationDate="2011-10-12" />
  <row Id="39" PostId="14" VoteTypeId="2" CreationDate="2011-10-12" />
  <row Id="40" PostId="15" VoteTypeId="2" CreationDate="2011-10-12" />
  <row Id="41" PostId="17" VoteTypeId="2" CreationDate="2011-10-12" />
  <row Id="42" PostId="19" VoteTypeId="2" CreationDate="2011-10-12" />
  <row Id="43" PostId="21" VoteTypeId="2" CreationDate="2011-10-12" />
  <row Id="44" PostId="22" VoteTypeId="2" CreationDate="2011-10-12" />
  <row Id="46" PostId="19" VoteTypeId="2" CreationDate="2011-10-12" />
  <row Id="47" PostId="7" VoteTypeId="2" CreationDate="2011-10-12" />
  <row Id="48" PostId="15" VoteTypeId="2" CreationDate="2011-10-12" />
  <row Id="50" PostId="5" VoteTypeId="2" CreationDate="2011-10-12" />
  <row Id="51" PostId="25" VoteTypeId="2" CreationDate="2011-10-12" />
  <row Id="52" PostId="26" VoteTypeId="2" CreationDate="2011-10-12" />
  <row Id="53" PostId="27" VoteTypeId="2" CreationDate="2011-10-12" />
  <row Id="54" PostId="26" VoteTypeId="3" CreationDate="2011-10-12" />
  <row Id="55" PostId="27" VoteTypeId="3" CreationDate="2011-10-12" />
  <row Id="56" PostId="28" VoteTypeId="2" CreationDate="2011-10-12" />
  <row Id="57" PostId="26" VoteTypeId="2" CreationDate="2011-10-12" />
  <row Id="58" PostId="28" VoteTypeId="2" CreationDate="2011-10-12" />
  <row Id="59" PostId="28" VoteTypeId="2" CreationDate="2011-10-12" />
  <row Id="60" PostId="26" VoteTypeId="2" CreationDate="2011-10-13" />
  <row Id="61" PostId="28" VoteTypeId="2" CreationDate="2011-10-13" />
  <row Id="63" PostId="12" VoteTypeId="2" CreationDate="2011-10-13" />
  <row Id="64" PostId="18" VoteTypeId="2" CreationDate="2011-10-13" />
  <row Id="65" PostId="28" VoteTypeId="2" CreationDate="2011-10-13" />
  <row Id="66" PostId="11" VoteTypeId="3" CreationDate="2011-10-13" />
  <row Id="67" PostId="9" VoteTypeId="2" CreationDate="2011-10-13" />
  <row Id="68" PostId="26" VoteTypeId="2" CreationDate="2011-10-13" />
  <row Id="69" PostId="15" VoteTypeId="2" CreationDate="2011-10-13" />
  <row Id="70" PostId="7" VoteTypeId="2" CreationDate="2011-10-13" />
  <row Id="71" PostId="14" VoteTypeId="2" CreationDate="2011-10-13" />
  <row Id="72" PostId="15" VoteTypeId="2" CreationDate="2011-10-13" />
  <row Id="73" PostId="30" VoteTypeId="2" CreationDate="2011-10-13" />
  <row Id="74" PostId="13" VoteTypeId="5" UserId="68" CreationDate="2011-10-13" />
  <row Id="75" PostId="26" VoteTypeId="2" CreationDate="2011-10-13" />
  <row Id="76" PostId="27" VoteTypeId="2" CreationDate="2011-10-13" />
  <row Id="77" PostId="29" VoteTypeId="2" CreationDate="2011-10-13" />
  <row Id="78" PostId="31" VoteTypeId="2" CreationDate="2011-10-13" />
  <row Id="79" PostId="13" VoteTypeId="2" CreationDate="2011-10-13" />
  <row Id="80" PostId="31" VoteTypeId="2" CreationDate="2011-10-13" />
  <row Id="81" PostId="13" VoteTypeId="2" CreationDate="2011-10-13" />
  <row Id="82" PostId="31" VoteTypeId="2" CreationDate="2011-10-13" />
  <row Id="83" PostId="28" VoteTypeId="2" CreationDate="2011-10-13" />
  <row Id="84" PostId="28" VoteTypeId="2" CreationDate="2011-10-13" />
  <row Id="85" PostId="32" VoteTypeId="2" CreationDate="2011-10-13" />
  <row Id="86" PostId="32" VoteTypeId="2" CreationDate="2011-10-13" />
  <row Id="87" PostId="33" VoteTypeId="2" CreationDate="2011-10-13" />
  <row Id="88" PostId="33" VoteTypeId="2" CreationDate="2011-10-13" />
  <row Id="89" PostId="25" VoteTypeId="2" CreationDate="2011-10-13" />
  <row Id="90" PostId="31" VoteTypeId="2" CreationDate="2011-10-14" />
  <row Id="91" PostId="13" VoteTypeId="2" CreationDate="2011-10-14" />
  <row Id="92" PostId="31" VoteTypeId="2" CreationDate="2011-10-14" />
  <row Id="93" PostId="21" VoteTypeId="2" CreationDate="2011-10-14" />
  <row Id="94" PostId="17" VoteTypeId="2" CreationDate="2011-10-14" />
  <row Id="95" PostId="14" VoteTypeId="2" CreationDate="2011-10-14" />
  <row Id="96" PostId="14" VoteTypeId="5" UserId="130" CreationDate="2011-10-14" />
  <row Id="98" PostId="25" VoteTypeId="2" CreationDate="2011-10-14" />
  <row Id="99" PostId="35" VoteTypeId="2" CreationDate="2011-10-14" />
  <row Id="100" PostId="26" VoteTypeId="2" CreationDate="2011-10-14" />
  <row Id="101" PostId="31" VoteTypeId="2" CreationDate="2011-10-14" />
  <row Id="102" PostId="34" VoteTypeId="2" CreationDate="2011-10-14" />
  <row Id="103" PostId="28" VoteTypeId="2" CreationDate="2011-10-15" />
  <row Id="104" PostId="26" VoteTypeId="3" CreationDate="2011-10-15" />
  <row Id="105" PostId="35" VoteTypeId="2" CreationDate="2011-10-15" />
  <row Id="106" PostId="32" VoteTypeId="2" CreationDate="2011-10-15" />
  <row Id="107" PostId="22" VoteTypeId="2" CreationDate="2011-10-15" />
  <row Id="108" PostId="24" VoteTypeId="2" CreationDate="2011-10-15" />
  <row Id="109" PostId="36" VoteTypeId="2" CreationDate="2011-10-15" />
  <row Id="110" PostId="22" VoteTypeId="2" CreationDate="2011-10-15" />
  <row Id="111" PostId="35" VoteTypeId="1" CreationDate="2011-10-15" />
  <row Id="112" PostId="34" VoteTypeId="2" CreationDate="2011-10-15" />
  <row Id="113" PostId="36" VoteTypeId="2" CreationDate="2011-10-15" />
  <row Id="114" PostId="36" VoteTypeId="2" CreationDate="2011-10-15" />
  <row Id="116" PostId="33" VoteTypeId="2" CreationDate="2011-10-15" />
  <row Id="117" PostId="34" VoteTypeId="2" CreationDate="2011-10-15" />
  <row Id="118" PostId="31" VoteTypeId="2" CreationDate="2011-10-15" />
  <row Id="119" PostId="28" VoteTypeId="2" CreationDate="2011-10-15" />
  <row Id="120" PostId="32" VoteTypeId="2" CreationDate="2011-10-15" />
  <row Id="121" PostId="30" VoteTypeId="2" CreationDate="2011-10-15" />
  <row Id="122" PostId="27" VoteTypeId="3" CreationDate="2011-10-15" />
  <row Id="123" PostId="38" VoteTypeId="2" CreationDate="2011-10-15" />
  <row Id="124" PostId="32" VoteTypeId="2" CreationDate="2011-10-16" />
  <row Id="125" PostId="26" VoteTypeId="2" CreationDate="2011-10-16" />
  <row Id="126" PostId="30" VoteTypeId="2" CreationDate="2011-10-16" />
  <row Id="127" PostId="27" VoteTypeId="2" CreationDate="2011-10-16" />
  <row Id="128" PostId="4" VoteTypeId="2" CreationDate="2011-10-16" />
  <row Id="129" PostId="3" VoteTypeId="1" CreationDate="2011-10-16" />
  <row Id="130" PostId="41" VoteTypeId="2" CreationDate="2011-10-16" />
  <row Id="131" PostId="14" VoteTypeId="2" CreationDate="2011-10-16" />
  <row Id="132" PostId="24" VoteTypeId="2" CreationDate="2011-10-16" />
  <row Id="133" PostId="7" VoteTypeId="2" CreationDate="2011-10-16" />
  <row Id="134" PostId="14" VoteTypeId="2" CreationDate="2011-10-17" />
  <row Id="135" PostId="31" VoteTypeId="2" CreationDate="2011-10-17" />
  <row Id="136" PostId="39" VoteTypeId="2" CreationDate="2011-10-17" />
  <row Id="137" PostId="28" VoteTypeId="2" CreationDate="2011-10-17" />
  <row Id="138" PostId="9" VoteTypeId="2" CreationDate="2011-10-17" />
  <row Id="139" PostId="3" VoteTypeId="2" CreationDate="2011-10-17" />
  <row Id="140" PostId="41" VoteTypeId="2" CreationDate="2011-10-17" />
  <row Id="141" PostId="15" VoteTypeId="2" CreationDate="2011-10-17" />
  <row Id="142" PostId="17" VoteTypeId="2" CreationDate="2011-10-17" />
  <row Id="143" PostId="42" VoteTypeId="2" CreationDate="2011-10-17" />
  <row Id="144" PostId="41" VoteTypeId="2" CreationDate="2011-10-17" />
  <row Id="145" PostId="43" VoteTypeId="2" CreationDate="2011-10-17" />
  <row Id="146" PostId="41" VoteTypeId="2" CreationDate="2011-10-17" />
  <row Id="147" PostId="41" VoteTypeId="2" CreationDate="2011-10-17" />
  <row Id="148" PostId="40" VoteTypeId="2" CreationDate="2011-10-17" />
  <row Id="149" PostId="45" VoteTypeId="2" CreationDate="2011-10-17" />
  <row Id="150" PostId="44" VoteTypeId="2" CreationDate="2011-10-17" />
  <row Id="152" PostId="46" VoteTypeId="2" CreationDate="2011-10-17" />
  <row Id="153" PostId="43" VoteTypeId="2" CreationDate="2011-10-17" />
  <row Id="154" PostId="46" VoteTypeId="2" CreationDate="2011-10-17" />
  <row Id="155" PostId="46" VoteTypeId="2" CreationDate="2011-10-17" />
  <row Id="156" PostId="45" VoteTypeId="2" CreationDate="2011-10-17" />
  <row Id="157" PostId="46" VoteTypeId="2" CreationDate="2011-10-17" />
  <row Id="158" PostId="44" VoteTypeId="3" CreationDate="2011-10-17" />
  <row Id="159" PostId="38" VoteTypeId="2" CreationDate="2011-10-17" />
  <row Id="160" PostId="45" VoteTypeId="2" CreationDate="2011-10-17" />
  <row Id="161" PostId="49" VoteTypeId="2" CreationDate="2011-10-17" />
  <row Id="162" PostId="49" VoteTypeId="3" CreationDate="2011-10-17" />
  <row Id="163" PostId="1" VoteTypeId="2" CreationDate="2011-10-17" />
  <row Id="164" PostId="1" VoteTypeId="5" UserId="50" CreationDate="2011-10-17" />
  <row Id="165" PostId="47" VoteTypeId="2" CreationDate="2011-10-17" />
  <row Id="166" PostId="48" VoteTypeId="3" CreationDate="2011-10-17" />
  <row Id="167" PostId="1" VoteTypeId="2" CreationDate="2011-10-17" />
  <row Id="168" PostId="50" VoteTypeId="2" CreationDate="2011-10-17" />
  <row Id="169" PostId="50" VoteTypeId="2" CreationDate="2011-10-17" />
  <row Id="170" PostId="51" VoteTypeId="2" CreationDate="2011-10-17" />
  <row Id="171" PostId="50" VoteTypeId="2" CreationDate="2011-10-17" />
  <row Id="172" PostId="1" VoteTypeId="2" CreationDate="2011-10-17" />
  <row Id="173" PostId="47" VoteTypeId="2" CreationDate="2011-10-17" />
  <row Id="174" PostId="9" VoteTypeId="2" CreationDate="2011-10-17" />
  <row Id="175" PostId="53" VoteTypeId="2" CreationDate="2011-10-17" />
  <row Id="176" PostId="48" VoteTypeId="2" CreationDate="2011-10-17" />
  <row Id="177" PostId="52" VoteTypeId="2" CreationDate="2011-10-18" />
  <row Id="178" PostId="52" VoteTypeId="3" CreationDate="2011-10-18" />
  <row Id="179" PostId="51" VoteTypeId="2" CreationDate="2011-10-18" />
  <row Id="180" PostId="45" VoteTypeId="2" CreationDate="2011-10-18" />
  <row Id="181" PostId="53" VoteTypeId="2" CreationDate="2011-10-18" />
  <row Id="182" PostId="49" VoteTypeId="2" CreationDate="2011-10-18" />
  <row Id="183" PostId="52" VoteTypeId="2" CreationDate="2011-10-18" />
  <row Id="184" PostId="51" VoteTypeId="2" CreationDate="2011-10-18" />
  <row Id="185" PostId="1" VoteTypeId="2" CreationDate="2011-10-18" />
  <row Id="186" PostId="55" VoteTypeId="2" CreationDate="2011-10-18" />
  <row Id="187" PostId="26" VoteTypeId="3" CreationDate="2011-10-18" />
  <row Id="188" PostId="57" VoteTypeId="2" CreationDate="2011-10-18" />
  <row Id="189" PostId="7" VoteTypeId="2" CreationDate="2011-10-18" />
  <row Id="190" PostId="47" VoteTypeId="2" CreationDate="2011-10-18" />
  <row Id="191" PostId="49" VoteTypeId="2" CreationDate="2011-10-18" />
  <row Id="192" PostId="56" VoteTypeId="10" CreationDate="2011-10-18" />
  <row Id="193" PostId="57" VoteTypeId="10" CreationDate="2011-10-18" />
  <row Id="194" PostId="60" VoteTypeId="2" CreationDate="2011-10-18" />
  <row Id="195" PostId="55" VoteTypeId="2" CreationDate="2011-10-18" />
  <row Id="196" PostId="60" VoteTypeId="2" CreationDate="2011-10-18" />
  <row Id="197" PostId="31" VoteTypeId="2" CreationDate="2011-10-18" />
  <row Id="198" PostId="61" VoteTypeId="2" CreationDate="2011-10-18" />
  <row Id="199" PostId="13" VoteTypeId="2" CreationDate="2011-10-18" />
  <row Id="200" PostId="61" VoteTypeId="2" CreationDate="2011-10-18" />
  <row Id="201" PostId="63" VoteTypeId="2" CreationDate="2011-10-18" />
  <row Id="202" PostId="62" VoteTypeId="2" CreationDate="2011-10-18" />
  <row Id="203" PostId="25" VoteTypeId="2" CreationDate="2011-10-18" />
  <row Id="204" PostId="63" VoteTypeId="3" CreationDate="2011-10-18" />
  <row Id="205" PostId="15" VoteTypeId="1" CreationDate="2011-10-18" />
  <row Id="206" PostId="62" VoteTypeId="5" UserId="40" CreationDate="2011-10-18" />
  <row Id="207" PostId="64" VoteTypeId="3" CreationDate="2011-10-18" />
  <row Id="209" PostId="64" VoteTypeId="3" CreationDate="2011-10-18" />
  <row Id="210" PostId="60" VoteTypeId="2" CreationDate="2011-10-18" />
  <row Id="211" PostId="64" VoteTypeId="2" CreationDate="2011-10-19" />
  <row Id="213" PostId="61" VoteTypeId="3" CreationDate="2011-10-19" />
  <row Id="214" PostId="67" VoteTypeId="3" CreationDate="2011-10-19" />
  <row Id="215" PostId="67" VoteTypeId="2" CreationDate="2011-10-19" />
  <row Id="216" PostId="66" VoteTypeId="2" CreationDate="2011-10-19" />
  <row Id="217" PostId="63" VoteTypeId="2" CreationDate="2011-10-19" />
  <row Id="218" PostId="65" VoteTypeId="3" CreationDate="2011-10-19" />
  <row Id="219" PostId="64" VoteTypeId="3" CreationDate="2011-10-19" />
  <row Id="220" PostId="66" VoteTypeId="3" CreationDate="2011-10-19" />
  <row Id="221" PostId="13" VoteTypeId="2" CreationDate="2011-10-19" />
  <row Id="222" PostId="21" VoteTypeId="2" CreationDate="2011-10-19" />
  <row Id="223" PostId="19" VoteTypeId="2" CreationDate="2011-10-19" />
  <row Id="224" PostId="4" VoteTypeId="3" CreationDate="2011-10-19" />
  <row Id="225" PostId="43" VoteTypeId="2" CreationDate="2011-10-19" />
  <row Id="226" PostId="65" VoteTypeId="2" CreationDate="2011-10-19" />
  <row Id="227" PostId="31" VoteTypeId="2" CreationDate="2011-10-19" />
  <row Id="228" PostId="67" VoteTypeId="2" CreationDate="2011-10-19" />
  <row Id="229" PostId="63" VoteTypeId="3" CreationDate="2011-10-19" />
  <row Id="230" PostId="65" VoteTypeId="2" CreationDate="2011-10-19" />
  <row Id="231" PostId="29" VoteTypeId="2" CreationDate="2011-10-19" />
  <row Id="232" PostId="42" VoteTypeId="2" CreationDate="2011-10-19" />
  <row Id="233" PostId="68" VoteTypeId="2" CreationDate="2011-10-19" />
  <row Id="234" PostId="68" VoteTypeId="2" CreationDate="2011-10-19" />
  <row Id="235" PostId="68" VoteTypeId="2" CreationDate="2011-10-19" />
  <row Id="236" PostId="12" VoteTypeId="15" CreationDate="2011-10-19" />
  <row Id="237" PostId="68" VoteTypeId="2" CreationDate="2011-10-19" />
  <row Id="238" PostId="68" VoteTypeId="2" CreationDate="2011-10-20" />
  <row Id="239" PostId="68" VoteTypeId="2" CreationDate="2011-10-20" />
  <row Id="240" PostId="59" VoteTypeId="2" CreationDate="2011-10-20" />
  <row Id="241" PostId="69" VoteTypeId="2" CreationDate="2011-10-20" />
  <row Id="242" PostId="65" VoteTypeId="2" CreationDate="2011-10-20" />
  <row Id="243" PostId="70" VoteTypeId="2" CreationDate="2011-10-20" />
  <row Id="244" PostId="4" VoteTypeId="3" CreationDate="2011-10-20" />
  <row Id="245" PostId="70" VoteTypeId="2" CreationDate="2011-10-20" />
  <row Id="246" PostId="71" VoteTypeId="2" CreationDate="2011-10-20" />
  <row Id="247" PostId="61" VoteTypeId="2" CreationDate="2011-10-21" />
  <row Id="248" PostId="65" VoteTypeId="2" CreationDate="2011-10-21" />
  <row Id="249" PostId="44" VoteTypeId="2" CreationDate="2011-10-21" />
  <row Id="250" PostId="31" VoteTypeId="5" UserId="149" CreationDate="2011-10-21" />
  <row Id="251" PostId="68" VoteTypeId="2" CreationDate="2011-10-21" />
  <row Id="252" PostId="68" VoteTypeId="5" UserId="149" CreationDate="2011-10-21" />
  <row Id="253" PostId="66" VoteTypeId="2" CreationDate="2011-10-21" />
  <row Id="254" PostId="44" VoteTypeId="2" CreationDate="2011-10-21" />
  <row Id="255" PostId="46" VoteTypeId="2" CreationDate="2011-10-21" />
  <row Id="256" PostId="72" VoteTypeId="2" CreationDate="2011-10-21" />
  <row Id="257" PostId="73" VoteTypeId="2" CreationDate="2011-10-21" />
  <row Id="258" PostId="72" VoteTypeId="2" CreationDate="2011-10-21" />
  <row Id="259" PostId="74" VoteTypeId="2" CreationDate="2011-10-21" />
  <row Id="260" PostId="74" VoteTypeId="2" CreationDate="2011-10-21" />
  <row Id="261" PostId="74" VoteTypeId="2" CreationDate="2011-10-21" />
  <row Id="262" PostId="12" VoteTypeId="15" CreationDate="2011-10-21" />
  <row Id="263" PostId="74" VoteTypeId="1" CreationDate="2011-10-21" />
  <row Id="264" PostId="13" VoteTypeId="3" CreationDate="2011-10-21" />
  <row Id="265" PostId="19" VoteTypeId="2" CreationDate="2011-10-21" />
  <row Id="266" PostId="23" VoteTypeId="2" CreationDate="2011-10-21" />
  <row Id="267" PostId="74" VoteTypeId="2" CreationDate="2011-10-21" />
  <row Id="268" PostId="72" VoteTypeId="2" CreationDate="2011-10-21" />
  <row Id="269" PostId="75" VoteTypeId="2" CreationDate="2011-10-21" />
  <row Id="270" PostId="16" VoteTypeId="6" CreationDate="2011-10-21" />
  <row Id="271" PostId="16" VoteTypeId="10" CreationDate="2011-10-21" />
  <row Id="272" PostId="75" VoteTypeId="1" CreationDate="2011-10-21" />
  <row Id="273" PostId="74" VoteTypeId="2" CreationDate="2011-10-21" />
  <row Id="274" PostId="77" VoteTypeId="2" CreationDate="2011-10-22" />
  <row Id="275" PostId="77" VoteTypeId="2" CreationDate="2011-10-22" />
  <row Id="276" PostId="76" VoteTypeId="2" CreationDate="2011-10-22" />
  <row Id="277" PostId="76" VoteTypeId="2" CreationDate="2011-10-23" />
  <row Id="278" PostId="72" VoteTypeId="2" CreationDate="2011-10-23" />
  <row Id="279" PostId="75" VoteTypeId="2" CreationDate="2011-10-23" />
  <row Id="280" PostId="78" VoteTypeId="2" CreationDate="2011-10-23" />
  <row Id="281" PostId="72" VoteTypeId="2" CreationDate="2011-10-23" />
  <row Id="282" PostId="67" VoteTypeId="2" CreationDate="2011-10-23" />
  <row Id="283" PostId="75" VoteTypeId="2" CreationDate="2011-10-24" />
  <row Id="284" PostId="39" VoteTypeId="2" CreationDate="2011-10-24" />
  <row Id="285" PostId="33" VoteTypeId="2" CreationDate="2011-10-24" />
  <row Id="286" PostId="80" VoteTypeId="2" CreationDate="2011-10-25" />
  <row Id="287" PostId="68" VoteTypeId="3" CreationDate="2011-10-25" />
  <row Id="289" PostId="68" VoteTypeId="2" CreationDate="2011-10-25" />
  <row Id="290" PostId="39" VoteTypeId="2" CreationDate="2011-10-25" />
  <row Id="291" PostId="80" VoteTypeId="2" CreationDate="2011-10-25" />
  <row Id="292" PostId="81" VoteTypeId="2" CreationDate="2011-10-26" />
  <row Id="293" PostId="82" VoteTypeId="2" CreationDate="2011-10-26" />
  <row Id="295" PostId="81" VoteTypeId="2" CreationDate="2011-10-26" />
  <row Id="296" PostId="82" VoteTypeId="2" CreationDate="2011-10-26" />
  <row Id="297" PostId="82" VoteTypeId="2" CreationDate="2011-10-26" />
  <row Id="298" PostId="82" VoteTypeId="1" CreationDate="2011-10-26" />
  <row Id="299" PostId="43" VoteTypeId="2" CreationDate="2011-10-26" />
  <row Id="300" PostId="68" VoteTypeId="2" CreationDate="2011-10-27" />
  <row Id="301" PostId="26" VoteTypeId="2" CreationDate="2011-10-30" />
  <row Id="302" PostId="27" VoteTypeId="2" CreationDate="2011-10-30" />
  <row Id="303" PostId="83" VoteTypeId="10" CreationDate="2011-10-31" />
  <row Id="304" PostId="85" VoteTypeId="2" CreationDate="2011-11-01" />
  <row Id="305" PostId="85" VoteTypeId="2" CreationDate="2011-11-01" />
  <row Id="306" PostId="79" VoteTypeId="2" CreationDate="2011-11-01" />
  <row Id="307" PostId="86" VoteTypeId="2" CreationDate="2011-11-01" />
  <row Id="308" PostId="87" VoteTypeId="2" CreationDate="2011-11-01" />
  <row Id="309" PostId="61" VoteTypeId="2" CreationDate="2011-11-02" />
  <row Id="310" PostId="44" VoteTypeId="2" CreationDate="2011-11-02" />
  <row Id="311" PostId="90" VoteTypeId="2" CreationDate="2011-11-02" />
  <row Id="312" PostId="82" VoteTypeId="2" CreationDate="2011-11-02" />
  <row Id="313" PostId="90" VoteTypeId="2" CreationDate="2011-11-02" />
  <row Id="314" PostId="88" VoteTypeId="2" CreationDate="2011-11-02" />
  <row Id="315" PostId="89" VoteTypeId="2" CreationDate="2011-11-02" />
  <row Id="316" PostId="14" VoteTypeId="2" CreationDate="2011-11-02" />
  <row Id="317" PostId="91" VoteTypeId="2" CreationDate="2011-11-02" />
  <row Id="318" PostId="86" VoteTypeId="2" CreationDate="2011-11-02" />
  <row Id="319" PostId="92" VoteTypeId="5" UserId="48" CreationDate="2011-11-02" />
  <row Id="320" PostId="93" VoteTypeId="2" CreationDate="2011-11-02" />
  <row Id="321" PostId="9" VoteTypeId="2" CreationDate="2011-11-02" />
  <row Id="322" PostId="92" VoteTypeId="2" CreationDate="2011-11-02" />
  <row Id="323" PostId="92" VoteTypeId="2" CreationDate="2011-11-03" />
  <row Id="324" PostId="82" VoteTypeId="2" CreationDate="2011-11-03" />
  <row Id="325" PostId="81" VoteTypeId="2" CreationDate="2011-11-03" />
  <row Id="326" PostId="95" VoteTypeId="2" CreationDate="2011-11-03" />
  <row Id="327" PostId="91" VoteTypeId="2" CreationDate="2011-11-03" />
  <row Id="328" PostId="12" VoteTypeId="15" CreationDate="2011-11-03" />
  <row Id="329" PostId="91" VoteTypeId="1" CreationDate="2011-11-03" />
  <row Id="330" PostId="96" VoteTypeId="2" CreationDate="2011-11-03" />
  <row Id="331" PostId="97" VoteTypeId="2" CreationDate="2011-11-03" />
  <row Id="332" PostId="96" VoteTypeId="2" CreationDate="2011-11-03" />
  <row Id="333" PostId="96" VoteTypeId="1" CreationDate="2011-11-03" />
  <row Id="334" PostId="93" VoteTypeId="2" CreationDate="2011-11-04" />
  <row Id="335" PostId="102" VoteTypeId="3" CreationDate="2011-11-04" />
  <row Id="336" PostId="100" VoteTypeId="2" CreationDate="2011-11-04" />
  <row Id="337" PostId="104" VoteTypeId="2" CreationDate="2011-11-04" />
  <row Id="338" PostId="95" VoteTypeId="2" CreationDate="2011-11-04" />
  <row Id="339" PostId="96" VoteTypeId="2" CreationDate="2011-11-04" />
  <row Id="340" PostId="92" VoteTypeId="2" CreationDate="2011-11-04" />
  <row Id="341" PostId="92" VoteTypeId="5" UserId="130" CreationDate="2011-11-04" />
  <row Id="342" PostId="93" VoteTypeId="2" CreationDate="2011-11-04" />
  <row Id="343" PostId="94" VoteTypeId="2" CreationDate="2011-11-04" />
  <row Id="344" PostId="91" VoteTypeId="2" CreationDate="2011-11-04" />
  <row Id="345" PostId="68" VoteTypeId="2" CreationDate="2011-11-05" />
  <row Id="346" PostId="97" VoteTypeId="2" CreationDate="2011-11-05" />
  <row Id="347" PostId="100" VoteTypeId="2" CreationDate="2011-11-05" />
  <row Id="348" PostId="107" VoteTypeId="2" CreationDate="2011-11-05" />
  <row Id="349" PostId="111" VoteTypeId="2" CreationDate="2011-11-08" />
  <row Id="350" PostId="112" VoteTypeId="2" CreationDate="2011-11-08" />
  <row Id="351" PostId="112" VoteTypeId="2" CreationDate="2011-11-09" />
  <row Id="352" PostId="112" VoteTypeId="2" CreationDate="2011-11-10" />
  <row Id="353" PostId="94" VoteTypeId="2" CreationDate="2011-11-10" />
  <row Id="354" PostId="95" VoteTypeId="2" CreationDate="2011-11-10" />
  <row Id="356" PostId="114" VoteTypeId="3" CreationDate="2011-11-10" />
  <row Id="357" PostId="95" VoteTypeId="2" CreationDate="2011-11-10" />
  <row Id="362" PostId="116" VoteTypeId="2" CreationDate="2011-11-11" />
  <row Id="363" PostId="116" VoteTypeId="2" CreationDate="2011-11-11" />
  <row Id="364" PostId="116" VoteTypeId="1" CreationDate="2011-11-11" />
  <row Id="365" PostId="110" VoteTypeId="2" CreationDate="2011-11-13" />
  <row Id="366" PostId="97" VoteTypeId="2" CreationDate="2011-11-14" />
  <row Id="368" PostId="100" VoteTypeId="3" CreationDate="2011-11-14" />
  <row Id="369" PostId="107" VoteTypeId="3" CreationDate="2011-11-14" />
  <row Id="380" PostId="117" VoteTypeId="2" CreationDate="2011-11-14" />
  <row Id="381" PostId="90" VoteTypeId="2" CreationDate="2011-11-15" />
  <row Id="382" PostId="110" VoteTypeId="2" CreationDate="2011-11-15" />
  <row Id="383" PostId="119" VoteTypeId="2" CreationDate="2011-11-15" />
  <row Id="384" PostId="97" VoteTypeId="2" CreationDate="2011-11-15" />
  <row Id="385" PostId="86" VoteTypeId="2" CreationDate="2011-11-15" />
  <row Id="386" PostId="120" VoteTypeId="2" CreationDate="2011-11-16" />
  <row Id="387" PostId="121" VoteTypeId="2" CreationDate="2011-11-16" />
  <row Id="388" PostId="120" VoteTypeId="2" CreationDate="2011-11-16" />
  <row Id="397" PostId="112" VoteTypeId="1" CreationDate="2011-11-18" />
  <row Id="398" PostId="119" VoteTypeId="2" CreationDate="2011-11-19" />
  <row Id="399" PostId="9" VoteTypeId="2" CreationDate="2011-11-19" />
  <row Id="400" PostId="122" VoteTypeId="2" CreationDate="2011-11-20" />
  <row Id="401" PostId="97" VoteTypeId="2" CreationDate="2011-11-20" />
  <row Id="402" PostId="121" VoteTypeId="1" CreationDate="2011-11-22" />
  <row Id="403" PostId="115" VoteTypeId="2" CreationDate="2011-11-23" />
  <row Id="404" PostId="116" VoteTypeId="2" CreationDate="2011-11-23" />
  <row Id="405" PostId="120" VoteTypeId="2" CreationDate="2011-11-24" />
  <row Id="406" PostId="68" VoteTypeId="2" CreationDate="2011-11-25" />
  <row Id="407" PostId="68" VoteTypeId="5" UserId="130" CreationDate="2011-11-25" />
  <row Id="408" PostId="25" VoteTypeId="2" CreationDate="2011-11-25" />
  <row Id="409" PostId="41" VoteTypeId="2" CreationDate="2011-11-25" />
  <row Id="410" PostId="119" VoteTypeId="2" CreationDate="2011-11-25" />
  <row Id="411" PostId="120" VoteTypeId="2" CreationDate="2011-11-25" />
  <row Id="412" PostId="60" VoteTypeId="2" CreationDate="2011-11-25" />
  <row Id="413" PostId="67" VoteTypeId="2" CreationDate="2011-11-25" />
  <row Id="414" PostId="69" VoteTypeId="2" CreationDate="2011-11-25" />
  <row Id="415" PostId="123" VoteTypeId="2" CreationDate="2011-11-25" />
  <row Id="416" PostId="116" VoteTypeId="2" CreationDate="2011-11-26" />
  <row Id="417" PostId="124" VoteTypeId="2" CreationDate="2011-11-28" />
  <row Id="418" PostId="125" VoteTypeId="2" CreationDate="2011-11-30" />
  <row Id="419" PostId="126" VoteTypeId="2" CreationDate="2011-11-30" />
  <row Id="420" PostId="125" VoteTypeId="2" CreationDate="2011-11-30" />
  <row Id="421" PostId="125" VoteTypeId="2" CreationDate="2011-11-30" />
  <row Id="422" PostId="126" VoteTypeId="2" CreationDate="2011-11-30" />
  <row Id="423" PostId="127" VoteTypeId="2" CreationDate="2011-11-30" />
  <row Id="424" PostId="126" VoteTypeId="2" CreationDate="2011-11-30" />
  <row Id="425" PostId="87" VoteTypeId="1" CreationDate="2011-11-30" />
  <row Id="426" PostId="127" VoteTypeId="2" CreationDate="2011-11-30" />
  <row Id="427" PostId="128" VoteTypeId="2" CreationDate="2011-12-01" />
  <row Id="428" PostId="129" VoteTypeId="2" CreationDate="2011-12-01" />
  <row Id="429" PostId="125" VoteTypeId="2" CreationDate="2011-12-01" />
  <row Id="430" PostId="66" VoteTypeId="2" CreationDate="2011-12-02" />
  <row Id="431" PostId="133" VoteTypeId="2" CreationDate="2011-12-02" />
  <row Id="432" PostId="135" VoteTypeId="2" CreationDate="2011-12-02" />
  <row Id="433" PostId="134" VoteTypeId="2" CreationDate="2011-12-03" />
  <row Id="434" PostId="135" VoteTypeId="2" CreationDate="2011-12-05" />
  <row Id="435" PostId="131" VoteTypeId="2" CreationDate="2011-12-06" />
  <row Id="436" PostId="130" VoteTypeId="2" CreationDate="2011-12-06" />
  <row Id="437" PostId="136" VoteTypeId="2" CreationDate="2011-12-06" />
  <row Id="438" PostId="136" VoteTypeId="2" CreationDate="2011-12-06" />
  <row Id="439" PostId="136" VoteTypeId="2" CreationDate="2011-12-06" />
  <row Id="440" PostId="23" VoteTypeId="2" CreationDate="2011-12-09" />
  <row Id="441" PostId="137" VoteTypeId="2" CreationDate="2011-12-12" />
  <row Id="442" PostId="95" VoteTypeId="2" CreationDate="2011-12-13" />
  <row Id="443" PostId="120" VoteTypeId="2" CreationDate="2011-12-14" />
  <row Id="444" PostId="137" VoteTypeId="2" CreationDate="2011-12-16" />
  <row Id="445" PostId="135" VoteTypeId="2" CreationDate="2011-12-19" />
  <row Id="446" PostId="138" VoteTypeId="2" CreationDate="2011-12-22" />
  <row Id="447" PostId="139" VoteTypeId="2" CreationDate="2011-12-22" />
  <row Id="448" PostId="95" VoteTypeId="2" CreationDate="2011-12-22" />
  <row Id="449" PostId="135" VoteTypeId="2" CreationDate="2011-12-22" />
  <row Id="450" PostId="138" VoteTypeId="2" CreationDate="2012-01-03" />
  <row Id="451" PostId="89" VoteTypeId="2" CreationDate="2012-01-07" />
  <row Id="452" PostId="135" VoteTypeId="2" CreationDate="2012-01-18" />
  <row Id="453" PostId="140" VoteTypeId="2" CreationDate="2012-01-25" />
  <row Id="454" PostId="140" VoteTypeId="2" CreationDate="2012-02-01" />
  <row Id="455" PostId="68" VoteTypeId="2" CreationDate="2012-02-01" />
  <row Id="456" PostId="142" VoteTypeId="2" CreationDate="2012-02-08" />
  <row Id="457" PostId="143" VoteTypeId="2" CreationDate="2012-02-08" />
  <row Id="458" PostId="143" VoteTypeId="2" CreationDate="2012-02-09" />
  <row Id="459" PostId="145" VoteTypeId="2" CreationDate="2012-02-09" />
  <row Id="460" PostId="34" VoteTypeId="2" CreationDate="2012-02-14" />
  <row Id="461" PostId="35" VoteTypeId="2" CreationDate="2012-02-14" />
  <row Id="462" PostId="140" VoteTypeId="2" CreationDate="2012-02-16" />
  <row Id="463" PostId="146" VoteTypeId="2" CreationDate="2012-02-16" />
  <row Id="464" PostId="142" VoteTypeId="2" CreationDate="2012-02-16" />
  <row Id="465" PostId="142" VoteTypeId="5" UserId="644" CreationDate="2012-02-16" />
  <row Id="466" PostId="146" VoteTypeId="2" CreationDate="2012-02-19" />
  <row Id="467" PostId="143" VoteTypeId="2" CreationDate="2012-02-22" />
  <row Id="468" PostId="148" VoteTypeId="2" CreationDate="2012-02-28" />
  <row Id="470" PostId="149" VoteTypeId="2" CreationDate="2012-02-28" />
  <row Id="471" PostId="148" VoteTypeId="2" CreationDate="2012-02-28" />
  <row Id="472" PostId="148" VoteTypeId="15" CreationDate="2012-02-28" />
  <row Id="473" PostId="148" VoteTypeId="15" CreationDate="2012-02-29" />
  <row Id="474" PostId="148" VoteTypeId="3" CreationDate="2012-02-29" />
  <row Id="475" PostId="151" VoteTypeId="2" CreationDate="2012-02-29" />
  <row Id="476" PostId="151" VoteTypeId="2" CreationDate="2012-02-29" />
  <row Id="477" PostId="68" VoteTypeId="2" CreationDate="2012-03-11" />
  <row Id="478" PostId="140" VoteTypeId="2" CreationDate="2012-03-11" />
  <row Id="479" PostId="151" VoteTypeId="2" CreationDate="2012-03-12" />
  <row Id="480" PostId="152" VoteTypeId="10" CreationDate="2012-03-13" />
  <row Id="481" PostId="95" VoteTypeId="2" CreationDate="2012-03-15" />
  <row Id="482" PostId="157" VoteTypeId="2" CreationDate="2012-03-16" />
  <row Id="483" PostId="153" VoteTypeId="2" CreationDate="2012-03-23" />
  <row Id="484" PostId="147" VoteTypeId="2" CreationDate="2012-03-24" />
  <row Id="485" PostId="158" VoteTypeId="2" CreationDate="2012-03-25" />
  <row Id="486" PostId="154" VoteTypeId="2" CreationDate="2012-03-30" />
  <row Id="487" PostId="159" VoteTypeId="2" CreationDate="2012-04-25" />
  <row Id="488" PostId="159" VoteTypeId="3" CreationDate="2012-04-25" />
  <row Id="489" PostId="160" VoteTypeId="3" CreationDate="2012-04-25" />
  <row Id="490" PostId="160" VoteTypeId="3" CreationDate="2012-04-25" />
  <row Id="491" PostId="161" VoteTypeId="2" CreationDate="2012-04-26" />
  <row Id="492" PostId="159" VoteTypeId="2" CreationDate="2012-04-26" />
  <row Id="493" PostId="161" VoteTypeId="2" CreationDate="2012-04-26" />
  <row Id="494" PostId="161" VoteTypeId="2" CreationDate="2012-04-26" />
  <row Id="495" PostId="162" VoteTypeId="2" CreationDate="2012-04-26" />
  <row Id="496" PostId="159" VoteTypeId="2" CreationDate="2012-04-26" />
  <row Id="497" PostId="161" VoteTypeId="2" CreationDate="2012-04-26" />
  <row Id="498" PostId="159" VoteTypeId="2" CreationDate="2012-04-26" />
  <row Id="499" PostId="164" VoteTypeId="3" CreationDate="2012-04-26" />
  <row Id="500" PostId="164" VoteTypeId="3" CreationDate="2012-04-26" />
  <row Id="501" PostId="165" VoteTypeId="5" UserId="204" CreationDate="2012-04-26" />
  <row Id="502" PostId="165" VoteTypeId="2" CreationDate="2012-04-27" />
  <row Id="503" PostId="165" VoteTypeId="2" CreationDate="2012-04-27" />
  <row Id="504" PostId="167" VoteTypeId="2" CreationDate="2012-04-27" />
  <row Id="505" PostId="164" VoteTypeId="2" CreationDate="2012-04-27" />
  <row Id="506" PostId="162" VoteTypeId="2" CreationDate="2012-04-27" />
  <row Id="507" PostId="165" VoteTypeId="2" CreationDate="2012-04-27" />
  <row Id="508" PostId="167" VoteTypeId="2" CreationDate="2012-04-27" />
  <row Id="509" PostId="161" VoteTypeId="2" CreationDate="2012-04-27" />
  <row Id="510" PostId="166" VoteTypeId="2" CreationDate="2012-04-27" />
  <row Id="511" PostId="166" VoteTypeId="2" CreationDate="2012-04-28" />
  <row Id="512" PostId="164" VoteTypeId="2" CreationDate="2012-04-28" />
  <row Id="513" PostId="161" VoteTypeId="2" CreationDate="2012-04-28" />
  <row Id="514" PostId="169" VoteTypeId="2" CreationDate="2012-04-29" />
  <row Id="515" PostId="166" VoteTypeId="2" CreationDate="2012-04-30" />
  <row Id="516" PostId="161" VoteTypeId="2" CreationDate="2012-04-30" />
  <row Id="517" PostId="171" VoteTypeId="2" CreationDate="2012-05-01" />
  <row Id="518" PostId="167" VoteTypeId="2" CreationDate="2012-05-01" />
  <row Id="519" PostId="165" VoteTypeId="2" CreationDate="2012-05-01" />
  <row Id="520" PostId="166" VoteTypeId="2" CreationDate="2012-05-01" />
  <row Id="521" PostId="164" VoteTypeId="2" CreationDate="2012-05-02" />
  <row Id="522" PostId="162" VoteTypeId="5" UserId="603" CreationDate="2012-05-02" />
  <row Id="523" PostId="161" VoteTypeId="2" CreationDate="2012-05-02" />
  <row Id="524" PostId="159" VoteTypeId="3" CreationDate="2012-05-02" />
  <row Id="525" PostId="166" VoteTypeId="2" CreationDate="2012-05-02" />
  <row Id="526" PostId="170" VoteTypeId="2" CreationDate="2012-05-02" />
  <row Id="527" PostId="168" VoteTypeId="2" CreationDate="2012-05-02" />
  <row Id="528" PostId="173" VoteTypeId="2" CreationDate="2012-05-02" />
  <row Id="529" PostId="159" VoteTypeId="15" CreationDate="2012-05-03" />
  <row Id="530" PostId="173" VoteTypeId="2" CreationDate="2012-05-03" />
  <row Id="531" PostId="172" VoteTypeId="2" CreationDate="2012-05-03" />
</votes>